environment,split,source_stem,image,mask
office,train,000536,dataset/drivable/images/train/office_000536.png,dataset/drivable/masks/train/office_000536.png
office,train,000599,dataset/drivable/images/train/office_000599.png,dataset/drivable/masks/train/office_000599.png
office,train,000428,dataset/drivable/images/train/office_000428.png,dataset/drivable/masks/train/office_000428.png
office,train,000424,dataset/drivable/images/train/office_000424.png,dataset/drivable/masks/train/office_000424.png
office,train,000303,dataset/drivable/images/train/office_000303.png,dataset/drivable/masks/train/office_000303.png
office,train,000465,dataset/drivable/images/train/office_000465.png,dataset/drivable/masks/train/office_000465.png
office,train,000130,dataset/drivable/images/train/office_000130.png,dataset/drivable/masks/train/office_000130.png
office,train,000212,dataset/drivable/images/train/office_000212.png,dataset/drivable/masks/train/office_000212.png
office,train,000476,dataset/drivable/images/train/office_000476.png,dataset/drivable/masks/train/office_000476.png
office,train,000314,dataset/drivable/images/train/office_000314.png,dataset/drivable/masks/train/office_000314.png
office,train,000092,dataset/drivable/images/train/office_000092.png,dataset/drivable/masks/train/office_000092.png
office,train,000265,dataset/drivable/images/train/office_000265.png,dataset/drivable/masks/train/office_000265.png
office,train,000545,dataset/drivable/images/train/office_000545.png,dataset/drivable/masks/train/office_000545.png
office,train,000480,dataset/drivable/images/train/office_000480.png,dataset/drivable/masks/train/office_000480.png
office,train,000235,dataset/drivable/images/train/office_000235.png,dataset/drivable/masks/train/office_000235.png
office,train,000188,dataset/drivable/images/train/office_000188.png,dataset/drivable/masks/train/office_000188.png
office,train,000439,dataset/drivable/images/train/office_000439.png,dataset/drivable/masks/train/office_000439.png
office,train,000396,dataset/drivable/images/train/office_000396.png,dataset/drivable/masks/train/office_000396.png
office,train,000540,dataset/drivable/images/train/office_000540.png,dataset/drivable/masks/train/office_000540.png
office,train,000346,dataset/drivable/images/train/office_000346.png,dataset/drivable/masks/train/office_000346.png
office,train,000595,dataset/drivable/images/train/office_000595.png,dataset/drivable/masks/train/office_000595.png
office,train,000425,dataset/drivable/images/train/office_000425.png,dataset/drivable/masks/train/office_000425.png
office,train,000325,dataset/drivable/images/train/office_000325.png,dataset/drivable/masks/train/office_000325.png
office,train,000481,dataset/drivable/images/train/office_000481.png,dataset/drivable/masks/train/office_000481.png
office,train,000278,dataset/drivable/images/train/office_000278.png,dataset/drivable/masks/train/office_000278.png
office,train,000419,dataset/drivable/images/train/office_000419.png,dataset/drivable/masks/train/office_000419.png
office,train,000581,dataset/drivable/images/train/office_000581.png,dataset/drivable/masks/train/office_000581.png
office,train,000339,dataset/drivable/images/train/office_000339.png,dataset/drivable/masks/train/office_000339.png
office,train,000230,dataset/drivable/images/train/office_000230.png,dataset/drivable/masks/train/office_000230.png
office,train,000059,dataset/drivable/images/train/office_000059.png,dataset/drivable/masks/train/office_000059.png
office,train,000316,dataset/drivable/images/train/office_000316.png,dataset/drivable/masks/train/office_000316.png
office,train,000241,dataset/drivable/images/train/office_000241.png,dataset/drivable/masks/train/office_000241.png
office,train,000304,dataset/drivable/images/train/office_000304.png,dataset/drivable/masks/train/office_000304.png
office,train,000253,dataset/drivable/images/train/office_000253.png,dataset/drivable/masks/train/office_000253.png
office,train,000012,dataset/drivable/images/train/office_000012.png,dataset/drivable/masks/train/office_000012.png
office,train,000371,dataset/drivable/images/train/office_000371.png,dataset/drivable/masks/train/office_000371.png
office,train,000345,dataset/drivable/images/train/office_000345.png,dataset/drivable/masks/train/office_000345.png
office,train,000487,dataset/drivable/images/train/office_000487.png,dataset/drivable/masks/train/office_000487.png
office,train,000444,dataset/drivable/images/train/office_000444.png,dataset/drivable/masks/train/office_000444.png
office,train,000021,dataset/drivable/images/train/office_000021.png,dataset/drivable/masks/train/office_000021.png
office,train,000138,dataset/drivable/images/train/office_000138.png,dataset/drivable/masks/train/office_000138.png
office,train,000435,dataset/drivable/images/train/office_000435.png,dataset/drivable/masks/train/office_000435.png
office,train,000088,dataset/drivable/images/train/office_000088.png,dataset/drivable/masks/train/office_000088.png
office,train,000423,dataset/drivable/images/train/office_000423.png,dataset/drivable/masks/train/office_000423.png
office,train,000251,dataset/drivable/images/train/office_000251.png,dataset/drivable/masks/train/office_000251.png
office,train,000145,dataset/drivable/images/train/office_000145.png,dataset/drivable/masks/train/office_000145.png
office,train,000132,dataset/drivable/images/train/office_000132.png,dataset/drivable/masks/train/office_000132.png
office,train,000329,dataset/drivable/images/train/office_000329.png,dataset/drivable/masks/train/office_000329.png
office,train,000315,dataset/drivable/images/train/office_000315.png,dataset/drivable/masks/train/office_000315.png
office,train,000307,dataset/drivable/images/train/office_000307.png,dataset/drivable/masks/train/office_000307.png
office,train,000436,dataset/drivable/images/train/office_000436.png,dataset/drivable/masks/train/office_000436.png
office,train,000240,dataset/drivable/images/train/office_000240.png,dataset/drivable/masks/train/office_000240.png
office,train,000417,dataset/drivable/images/train/office_000417.png,dataset/drivable/masks/train/office_000417.png
office,train,000297,dataset/drivable/images/train/office_000297.png,dataset/drivable/masks/train/office_000297.png
office,train,000182,dataset/drivable/images/train/office_000182.png,dataset/drivable/masks/train/office_000182.png
office,train,000218,dataset/drivable/images/train/office_000218.png,dataset/drivable/masks/train/office_000218.png
office,train,000412,dataset/drivable/images/train/office_000412.png,dataset/drivable/masks/train/office_000412.png
office,train,000293,dataset/drivable/images/train/office_000293.png,dataset/drivable/masks/train/office_000293.png
office,train,000083,dataset/drivable/images/train/office_000083.png,dataset/drivable/masks/train/office_000083.png
office,train,000383,dataset/drivable/images/train/office_000383.png,dataset/drivable/masks/train/office_000383.png
office,train,000319,dataset/drivable/images/train/office_000319.png,dataset/drivable/masks/train/office_000319.png
office,train,000554,dataset/drivable/images/train/office_000554.png,dataset/drivable/masks/train/office_000554.png
office,train,000118,dataset/drivable/images/train/office_000118.png,dataset/drivable/masks/train/office_000118.png
office,train,000394,dataset/drivable/images/train/office_000394.png,dataset/drivable/masks/train/office_000394.png
office,train,000504,dataset/drivable/images/train/office_000504.png,dataset/drivable/masks/train/office_000504.png
office,train,000186,dataset/drivable/images/train/office_000186.png,dataset/drivable/masks/train/office_000186.png
office,train,000075,dataset/drivable/images/train/office_000075.png,dataset/drivable/masks/train/office_000075.png
office,train,000378,dataset/drivable/images/train/office_000378.png,dataset/drivable/masks/train/office_000378.png
office,train,000116,dataset/drivable/images/train/office_000116.png,dataset/drivable/masks/train/office_000116.png
office,train,000514,dataset/drivable/images/train/office_000514.png,dataset/drivable/masks/train/office_000514.png
office,train,000579,dataset/drivable/images/train/office_000579.png,dataset/drivable/masks/train/office_000579.png
office,train,000564,dataset/drivable/images/train/office_000564.png,dataset/drivable/masks/train/office_000564.png
office,train,000563,dataset/drivable/images/train/office_000563.png,dataset/drivable/masks/train/office_000563.png
office,train,000552,dataset/drivable/images/train/office_000552.png,dataset/drivable/masks/train/office_000552.png
office,train,000335,dataset/drivable/images/train/office_000335.png,dataset/drivable/masks/train/office_000335.png
office,train,000462,dataset/drivable/images/train/office_000462.png,dataset/drivable/masks/train/office_000462.png
office,train,000433,dataset/drivable/images/train/office_000433.png,dataset/drivable/masks/train/office_000433.png
office,train,000207,dataset/drivable/images/train/office_000207.png,dataset/drivable/masks/train/office_000207.png
office,train,000254,dataset/drivable/images/train/office_000254.png,dataset/drivable/masks/train/office_000254.png
office,train,000201,dataset/drivable/images/train/office_000201.png,dataset/drivable/masks/train/office_000201.png
office,train,000179,dataset/drivable/images/train/office_000179.png,dataset/drivable/masks/train/office_000179.png
office,train,000015,dataset/drivable/images/train/office_000015.png,dataset/drivable/masks/train/office_000015.png
office,train,000106,dataset/drivable/images/train/office_000106.png,dataset/drivable/masks/train/office_000106.png
office,train,000548,dataset/drivable/images/train/office_000548.png,dataset/drivable/masks/train/office_000548.png
office,train,000556,dataset/drivable/images/train/office_000556.png,dataset/drivable/masks/train/office_000556.png
office,train,000096,dataset/drivable/images/train/office_000096.png,dataset/drivable/masks/train/office_000096.png
office,train,000008,dataset/drivable/images/train/office_000008.png,dataset/drivable/masks/train/office_000008.png
office,train,000279,dataset/drivable/images/train/office_000279.png,dataset/drivable/masks/train/office_000279.png
office,train,000494,dataset/drivable/images/train/office_000494.png,dataset/drivable/masks/train/office_000494.png
office,train,000495,dataset/drivable/images/train/office_000495.png,dataset/drivable/masks/train/office_000495.png
office,train,000294,dataset/drivable/images/train/office_000294.png,dataset/drivable/masks/train/office_000294.png
office,train,000312,dataset/drivable/images/train/office_000312.png,dataset/drivable/masks/train/office_000312.png
office,train,000420,dataset/drivable/images/train/office_000420.png,dataset/drivable/masks/train/office_000420.png
office,train,000066,dataset/drivable/images/train/office_000066.png,dataset/drivable/masks/train/office_000066.png
office,train,000479,dataset/drivable/images/train/office_000479.png,dataset/drivable/masks/train/office_000479.png
office,train,000460,dataset/drivable/images/train/office_000460.png,dataset/drivable/masks/train/office_000460.png
office,train,000198,dataset/drivable/images/train/office_000198.png,dataset/drivable/masks/train/office_000198.png
office,train,000531,dataset/drivable/images/train/office_000531.png,dataset/drivable/masks/train/office_000531.png
office,train,000171,dataset/drivable/images/train/office_000171.png,dataset/drivable/masks/train/office_000171.png
office,train,000492,dataset/drivable/images/train/office_000492.png,dataset/drivable/masks/train/office_000492.png
office,train,000535,dataset/drivable/images/train/office_000535.png,dataset/drivable/masks/train/office_000535.png
office,train,000452,dataset/drivable/images/train/office_000452.png,dataset/drivable/masks/train/office_000452.png
office,train,000119,dataset/drivable/images/train/office_000119.png,dataset/drivable/masks/train/office_000119.png
office,train,000409,dataset/drivable/images/train/office_000409.png,dataset/drivable/masks/train/office_000409.png
office,train,000376,dataset/drivable/images/train/office_000376.png,dataset/drivable/masks/train/office_000376.png
office,train,000172,dataset/drivable/images/train/office_000172.png,dataset/drivable/masks/train/office_000172.png
office,train,000147,dataset/drivable/images/train/office_000147.png,dataset/drivable/masks/train/office_000147.png
office,train,000100,dataset/drivable/images/train/office_000100.png,dataset/drivable/masks/train/office_000100.png
office,train,000168,dataset/drivable/images/train/office_000168.png,dataset/drivable/masks/train/office_000168.png
office,train,000560,dataset/drivable/images/train/office_000560.png,dataset/drivable/masks/train/office_000560.png
office,train,000340,dataset/drivable/images/train/office_000340.png,dataset/drivable/masks/train/office_000340.png
office,train,000586,dataset/drivable/images/train/office_000586.png,dataset/drivable/masks/train/office_000586.png
office,train,000200,dataset/drivable/images/train/office_000200.png,dataset/drivable/masks/train/office_000200.png
office,train,000451,dataset/drivable/images/train/office_000451.png,dataset/drivable/masks/train/office_000451.png
office,train,000140,dataset/drivable/images/train/office_000140.png,dataset/drivable/masks/train/office_000140.png
office,train,000074,dataset/drivable/images/train/office_000074.png,dataset/drivable/masks/train/office_000074.png
office,train,000022,dataset/drivable/images/train/office_000022.png,dataset/drivable/masks/train/office_000022.png
office,train,000192,dataset/drivable/images/train/office_000192.png,dataset/drivable/masks/train/office_000192.png
office,train,000324,dataset/drivable/images/train/office_000324.png,dataset/drivable/masks/train/office_000324.png
office,train,000014,dataset/drivable/images/train/office_000014.png,dataset/drivable/masks/train/office_000014.png
office,train,000416,dataset/drivable/images/train/office_000416.png,dataset/drivable/masks/train/office_000416.png
office,train,000258,dataset/drivable/images/train/office_000258.png,dataset/drivable/masks/train/office_000258.png
office,train,000042,dataset/drivable/images/train/office_000042.png,dataset/drivable/masks/train/office_000042.png
office,train,000148,dataset/drivable/images/train/office_000148.png,dataset/drivable/masks/train/office_000148.png
office,train,000107,dataset/drivable/images/train/office_000107.png,dataset/drivable/masks/train/office_000107.png
office,train,000262,dataset/drivable/images/train/office_000262.png,dataset/drivable/masks/train/office_000262.png
office,train,000086,dataset/drivable/images/train/office_000086.png,dataset/drivable/masks/train/office_000086.png
office,train,000269,dataset/drivable/images/train/office_000269.png,dataset/drivable/masks/train/office_000269.png
office,train,000178,dataset/drivable/images/train/office_000178.png,dataset/drivable/masks/train/office_000178.png
office,train,000131,dataset/drivable/images/train/office_000131.png,dataset/drivable/masks/train/office_000131.png
office,train,000562,dataset/drivable/images/train/office_000562.png,dataset/drivable/masks/train/office_000562.png
office,train,000463,dataset/drivable/images/train/office_000463.png,dataset/drivable/masks/train/office_000463.png
office,train,000443,dataset/drivable/images/train/office_000443.png,dataset/drivable/masks/train/office_000443.png
office,train,000395,dataset/drivable/images/train/office_000395.png,dataset/drivable/masks/train/office_000395.png
office,train,000472,dataset/drivable/images/train/office_000472.png,dataset/drivable/masks/train/office_000472.png
office,train,000446,dataset/drivable/images/train/office_000446.png,dataset/drivable/masks/train/office_000446.png
office,train,000426,dataset/drivable/images/train/office_000426.png,dataset/drivable/masks/train/office_000426.png
office,train,000559,dataset/drivable/images/train/office_000559.png,dataset/drivable/masks/train/office_000559.png
office,train,000502,dataset/drivable/images/train/office_000502.png,dataset/drivable/masks/train/office_000502.png
office,train,000286,dataset/drivable/images/train/office_000286.png,dataset/drivable/masks/train/office_000286.png
office,train,000455,dataset/drivable/images/train/office_000455.png,dataset/drivable/masks/train/office_000455.png
office,train,000051,dataset/drivable/images/train/office_000051.png,dataset/drivable/masks/train/office_000051.png
office,train,000490,dataset/drivable/images/train/office_000490.png,dataset/drivable/masks/train/office_000490.png
office,train,000317,dataset/drivable/images/train/office_000317.png,dataset/drivable/masks/train/office_000317.png
office,train,000177,dataset/drivable/images/train/office_000177.png,dataset/drivable/masks/train/office_000177.png
office,train,000355,dataset/drivable/images/train/office_000355.png,dataset/drivable/masks/train/office_000355.png
office,train,000584,dataset/drivable/images/train/office_000584.png,dataset/drivable/masks/train/office_000584.png
office,train,000237,dataset/drivable/images/train/office_000237.png,dataset/drivable/masks/train/office_000237.png
office,train,000068,dataset/drivable/images/train/office_000068.png,dataset/drivable/masks/train/office_000068.png
office,train,000164,dataset/drivable/images/train/office_000164.png,dataset/drivable/masks/train/office_000164.png
office,train,000211,dataset/drivable/images/train/office_000211.png,dataset/drivable/masks/train/office_000211.png
office,train,000193,dataset/drivable/images/train/office_000193.png,dataset/drivable/masks/train/office_000193.png
office,train,000155,dataset/drivable/images/train/office_000155.png,dataset/drivable/masks/train/office_000155.png
office,train,000575,dataset/drivable/images/train/office_000575.png,dataset/drivable/masks/train/office_000575.png
office,train,000105,dataset/drivable/images/train/office_000105.png,dataset/drivable/masks/train/office_000105.png
office,train,000045,dataset/drivable/images/train/office_000045.png,dataset/drivable/masks/train/office_000045.png
office,train,000189,dataset/drivable/images/train/office_000189.png,dataset/drivable/masks/train/office_000189.png
office,train,000060,dataset/drivable/images/train/office_000060.png,dataset/drivable/masks/train/office_000060.png
office,train,000403,dataset/drivable/images/train/office_000403.png,dataset/drivable/masks/train/office_000403.png
office,train,000158,dataset/drivable/images/train/office_000158.png,dataset/drivable/masks/train/office_000158.png
office,train,000266,dataset/drivable/images/train/office_000266.png,dataset/drivable/masks/train/office_000266.png
office,train,000184,dataset/drivable/images/train/office_000184.png,dataset/drivable/masks/train/office_000184.png
office,train,000090,dataset/drivable/images/train/office_000090.png,dataset/drivable/masks/train/office_000090.png
office,train,000221,dataset/drivable/images/train/office_000221.png,dataset/drivable/masks/train/office_000221.png
office,train,000063,dataset/drivable/images/train/office_000063.png,dataset/drivable/masks/train/office_000063.png
office,train,000391,dataset/drivable/images/train/office_000391.png,dataset/drivable/masks/train/office_000391.png
office,train,000449,dataset/drivable/images/train/office_000449.png,dataset/drivable/masks/train/office_000449.png
office,train,000488,dataset/drivable/images/train/office_000488.png,dataset/drivable/masks/train/office_000488.png
office,train,000326,dataset/drivable/images/train/office_000326.png,dataset/drivable/masks/train/office_000326.png
office,train,000438,dataset/drivable/images/train/office_000438.png,dataset/drivable/masks/train/office_000438.png
office,train,000380,dataset/drivable/images/train/office_000380.png,dataset/drivable/masks/train/office_000380.png
office,train,000505,dataset/drivable/images/train/office_000505.png,dataset/drivable/masks/train/office_000505.png
office,train,000110,dataset/drivable/images/train/office_000110.png,dataset/drivable/masks/train/office_000110.png
office,train,000285,dataset/drivable/images/train/office_000285.png,dataset/drivable/masks/train/office_000285.png
office,train,000187,dataset/drivable/images/train/office_000187.png,dataset/drivable/masks/train/office_000187.png
office,train,000149,dataset/drivable/images/train/office_000149.png,dataset/drivable/masks/train/office_000149.png
office,train,000361,dataset/drivable/images/train/office_000361.png,dataset/drivable/masks/train/office_000361.png
office,train,000427,dataset/drivable/images/train/office_000427.png,dataset/drivable/masks/train/office_000427.png
office,train,000255,dataset/drivable/images/train/office_000255.png,dataset/drivable/masks/train/office_000255.png
office,train,000518,dataset/drivable/images/train/office_000518.png,dataset/drivable/masks/train/office_000518.png
office,train,000176,dataset/drivable/images/train/office_000176.png,dataset/drivable/masks/train/office_000176.png
office,train,000019,dataset/drivable/images/train/office_000019.png,dataset/drivable/masks/train/office_000019.png
office,train,000028,dataset/drivable/images/train/office_000028.png,dataset/drivable/masks/train/office_000028.png
office,train,000227,dataset/drivable/images/train/office_000227.png,dataset/drivable/masks/train/office_000227.png
office,train,000143,dataset/drivable/images/train/office_000143.png,dataset/drivable/masks/train/office_000143.png
office,train,000309,dataset/drivable/images/train/office_000309.png,dataset/drivable/masks/train/office_000309.png
office,train,000580,dataset/drivable/images/train/office_000580.png,dataset/drivable/masks/train/office_000580.png
office,train,000215,dataset/drivable/images/train/office_000215.png,dataset/drivable/masks/train/office_000215.png
office,train,000113,dataset/drivable/images/train/office_000113.png,dataset/drivable/masks/train/office_000113.png
office,train,000501,dataset/drivable/images/train/office_000501.png,dataset/drivable/masks/train/office_000501.png
office,train,000411,dataset/drivable/images/train/office_000411.png,dataset/drivable/masks/train/office_000411.png
office,train,000582,dataset/drivable/images/train/office_000582.png,dataset/drivable/masks/train/office_000582.png
office,train,000402,dataset/drivable/images/train/office_000402.png,dataset/drivable/masks/train/office_000402.png
office,train,000313,dataset/drivable/images/train/office_000313.png,dataset/drivable/masks/train/office_000313.png
office,train,000431,dataset/drivable/images/train/office_000431.png,dataset/drivable/masks/train/office_000431.png
office,train,000011,dataset/drivable/images/train/office_000011.png,dataset/drivable/masks/train/office_000011.png
office,train,000497,dataset/drivable/images/train/office_000497.png,dataset/drivable/masks/train/office_000497.png
office,train,000400,dataset/drivable/images/train/office_000400.png,dataset/drivable/masks/train/office_000400.png
office,train,000308,dataset/drivable/images/train/office_000308.png,dataset/drivable/masks/train/office_000308.png
office,train,000023,dataset/drivable/images/train/office_000023.png,dataset/drivable/masks/train/office_000023.png
office,train,000013,dataset/drivable/images/train/office_000013.png,dataset/drivable/masks/train/office_000013.png
office,train,000522,dataset/drivable/images/train/office_000522.png,dataset/drivable/masks/train/office_000522.png
office,train,000125,dataset/drivable/images/train/office_000125.png,dataset/drivable/masks/train/office_000125.png
office,train,000474,dataset/drivable/images/train/office_000474.png,dataset/drivable/masks/train/office_000474.png
office,train,000503,dataset/drivable/images/train/office_000503.png,dataset/drivable/masks/train/office_000503.png
office,train,000162,dataset/drivable/images/train/office_000162.png,dataset/drivable/masks/train/office_000162.png
office,train,000534,dataset/drivable/images/train/office_000534.png,dataset/drivable/masks/train/office_000534.png
office,train,000052,dataset/drivable/images/train/office_000052.png,dataset/drivable/masks/train/office_000052.png
office,train,000087,dataset/drivable/images/train/office_000087.png,dataset/drivable/masks/train/office_000087.png
office,train,000183,dataset/drivable/images/train/office_000183.png,dataset/drivable/masks/train/office_000183.png
office,train,000053,dataset/drivable/images/train/office_000053.png,dataset/drivable/masks/train/office_000053.png
office,train,000154,dataset/drivable/images/train/office_000154.png,dataset/drivable/masks/train/office_000154.png
office,train,000245,dataset/drivable/images/train/office_000245.png,dataset/drivable/masks/train/office_000245.png
office,train,000069,dataset/drivable/images/train/office_000069.png,dataset/drivable/masks/train/office_000069.png
office,train,000039,dataset/drivable/images/train/office_000039.png,dataset/drivable/masks/train/office_000039.png
office,train,000530,dataset/drivable/images/train/office_000530.png,dataset/drivable/masks/train/office_000530.png
office,train,000190,dataset/drivable/images/train/office_000190.png,dataset/drivable/masks/train/office_000190.png
office,train,000341,dataset/drivable/images/train/office_000341.png,dataset/drivable/masks/train/office_000341.png
office,train,000282,dataset/drivable/images/train/office_000282.png,dataset/drivable/masks/train/office_000282.png
office,train,000247,dataset/drivable/images/train/office_000247.png,dataset/drivable/masks/train/office_000247.png
office,train,000291,dataset/drivable/images/train/office_000291.png,dataset/drivable/masks/train/office_000291.png
office,train,000026,dataset/drivable/images/train/office_000026.png,dataset/drivable/masks/train/office_000026.png
office,train,000366,dataset/drivable/images/train/office_000366.png,dataset/drivable/masks/train/office_000366.png
office,train,000076,dataset/drivable/images/train/office_000076.png,dataset/drivable/masks/train/office_000076.png
office,train,000141,dataset/drivable/images/train/office_000141.png,dataset/drivable/masks/train/office_000141.png
office,train,000209,dataset/drivable/images/train/office_000209.png,dataset/drivable/masks/train/office_000209.png
office,train,000170,dataset/drivable/images/train/office_000170.png,dataset/drivable/masks/train/office_000170.png
office,train,000002,dataset/drivable/images/train/office_000002.png,dataset/drivable/masks/train/office_000002.png
office,train,000364,dataset/drivable/images/train/office_000364.png,dataset/drivable/masks/train/office_000364.png
office,train,000532,dataset/drivable/images/train/office_000532.png,dataset/drivable/masks/train/office_000532.png
office,train,000507,dataset/drivable/images/train/office_000507.png,dataset/drivable/masks/train/office_000507.png
office,train,000156,dataset/drivable/images/train/office_000156.png,dataset/drivable/masks/train/office_000156.png
office,train,000077,dataset/drivable/images/train/office_000077.png,dataset/drivable/masks/train/office_000077.png
office,train,000180,dataset/drivable/images/train/office_000180.png,dataset/drivable/masks/train/office_000180.png
office,train,000139,dataset/drivable/images/train/office_000139.png,dataset/drivable/masks/train/office_000139.png
office,train,000213,dataset/drivable/images/train/office_000213.png,dataset/drivable/masks/train/office_000213.png
office,train,000375,dataset/drivable/images/train/office_000375.png,dataset/drivable/masks/train/office_000375.png
office,train,000418,dataset/drivable/images/train/office_000418.png,dataset/drivable/masks/train/office_000418.png
office,train,000072,dataset/drivable/images/train/office_000072.png,dataset/drivable/masks/train/office_000072.png
office,train,000566,dataset/drivable/images/train/office_000566.png,dataset/drivable/masks/train/office_000566.png
office,train,000062,dataset/drivable/images/train/office_000062.png,dataset/drivable/masks/train/office_000062.png
office,train,000407,dataset/drivable/images/train/office_000407.png,dataset/drivable/masks/train/office_000407.png
office,train,000017,dataset/drivable/images/train/office_000017.png,dataset/drivable/masks/train/office_000017.png
office,train,000578,dataset/drivable/images/train/office_000578.png,dataset/drivable/masks/train/office_000578.png
office,train,000591,dataset/drivable/images/train/office_000591.png,dataset/drivable/masks/train/office_000591.png
office,train,000546,dataset/drivable/images/train/office_000546.png,dataset/drivable/masks/train/office_000546.png
office,train,000033,dataset/drivable/images/train/office_000033.png,dataset/drivable/masks/train/office_000033.png
office,train,000261,dataset/drivable/images/train/office_000261.png,dataset/drivable/masks/train/office_000261.png
office,train,000129,dataset/drivable/images/train/office_000129.png,dataset/drivable/masks/train/office_000129.png
office,train,000447,dataset/drivable/images/train/office_000447.png,dataset/drivable/masks/train/office_000447.png
office,train,000137,dataset/drivable/images/train/office_000137.png,dataset/drivable/masks/train/office_000137.png
office,train,000018,dataset/drivable/images/train/office_000018.png,dataset/drivable/masks/train/office_000018.png
office,train,000508,dataset/drivable/images/train/office_000508.png,dataset/drivable/masks/train/office_000508.png
office,train,000144,dataset/drivable/images/train/office_000144.png,dataset/drivable/masks/train/office_000144.png
office,train,000542,dataset/drivable/images/train/office_000542.png,dataset/drivable/masks/train/office_000542.png
office,train,000441,dataset/drivable/images/train/office_000441.png,dataset/drivable/masks/train/office_000441.png
office,train,000004,dataset/drivable/images/train/office_000004.png,dataset/drivable/masks/train/office_000004.png
office,train,000037,dataset/drivable/images/train/office_000037.png,dataset/drivable/masks/train/office_000037.png
office,train,000268,dataset/drivable/images/train/office_000268.png,dataset/drivable/masks/train/office_000268.png
office,train,000525,dataset/drivable/images/train/office_000525.png,dataset/drivable/masks/train/office_000525.png
office,train,000153,dataset/drivable/images/train/office_000153.png,dataset/drivable/masks/train/office_000153.png
office,train,000357,dataset/drivable/images/train/office_000357.png,dataset/drivable/masks/train/office_000357.png
office,train,000202,dataset/drivable/images/train/office_000202.png,dataset/drivable/masks/train/office_000202.png
office,train,000302,dataset/drivable/images/train/office_000302.png,dataset/drivable/masks/train/office_000302.png
office,train,000422,dataset/drivable/images/train/office_000422.png,dataset/drivable/masks/train/office_000422.png
office,train,000289,dataset/drivable/images/train/office_000289.png,dataset/drivable/masks/train/office_000289.png
office,train,000567,dataset/drivable/images/train/office_000567.png,dataset/drivable/masks/train/office_000567.png
office,train,000133,dataset/drivable/images/train/office_000133.png,dataset/drivable/masks/train/office_000133.png
office,train,000161,dataset/drivable/images/train/office_000161.png,dataset/drivable/masks/train/office_000161.png
office,train,000267,dataset/drivable/images/train/office_000267.png,dataset/drivable/masks/train/office_000267.png
office,train,000537,dataset/drivable/images/train/office_000537.png,dataset/drivable/masks/train/office_000537.png
office,train,000280,dataset/drivable/images/train/office_000280.png,dataset/drivable/masks/train/office_000280.png
office,train,000020,dataset/drivable/images/train/office_000020.png,dataset/drivable/masks/train/office_000020.png
office,train,000466,dataset/drivable/images/train/office_000466.png,dataset/drivable/masks/train/office_000466.png
office,train,000385,dataset/drivable/images/train/office_000385.png,dataset/drivable/masks/train/office_000385.png
office,train,000336,dataset/drivable/images/train/office_000336.png,dataset/drivable/masks/train/office_000336.png
office,train,000120,dataset/drivable/images/train/office_000120.png,dataset/drivable/masks/train/office_000120.png
office,train,000468,dataset/drivable/images/train/office_000468.png,dataset/drivable/masks/train/office_000468.png
office,train,000414,dataset/drivable/images/train/office_000414.png,dataset/drivable/masks/train/office_000414.png
office,train,000587,dataset/drivable/images/train/office_000587.png,dataset/drivable/masks/train/office_000587.png
office,train,000041,dataset/drivable/images/train/office_000041.png,dataset/drivable/masks/train/office_000041.png
office,train,000496,dataset/drivable/images/train/office_000496.png,dataset/drivable/masks/train/office_000496.png
office,train,000288,dataset/drivable/images/train/office_000288.png,dataset/drivable/masks/train/office_000288.png
office,train,000458,dataset/drivable/images/train/office_000458.png,dataset/drivable/masks/train/office_000458.png
office,train,000573,dataset/drivable/images/train/office_000573.png,dataset/drivable/masks/train/office_000573.png
office,train,000257,dataset/drivable/images/train/office_000257.png,dataset/drivable/masks/train/office_000257.png
office,train,000244,dataset/drivable/images/train/office_000244.png,dataset/drivable/masks/train/office_000244.png
office,train,000318,dataset/drivable/images/train/office_000318.png,dataset/drivable/masks/train/office_000318.png
office,train,000356,dataset/drivable/images/train/office_000356.png,dataset/drivable/masks/train/office_000356.png
office,train,000160,dataset/drivable/images/train/office_000160.png,dataset/drivable/masks/train/office_000160.png
office,train,000347,dataset/drivable/images/train/office_000347.png,dataset/drivable/masks/train/office_000347.png
office,train,000277,dataset/drivable/images/train/office_000277.png,dataset/drivable/masks/train/office_000277.png
office,train,000421,dataset/drivable/images/train/office_000421.png,dataset/drivable/masks/train/office_000421.png
office,train,000111,dataset/drivable/images/train/office_000111.png,dataset/drivable/masks/train/office_000111.png
office,train,000151,dataset/drivable/images/train/office_000151.png,dataset/drivable/masks/train/office_000151.png
office,train,000331,dataset/drivable/images/train/office_000331.png,dataset/drivable/masks/train/office_000331.png
office,train,000079,dataset/drivable/images/train/office_000079.png,dataset/drivable/masks/train/office_000079.png
office,train,000249,dataset/drivable/images/train/office_000249.png,dataset/drivable/masks/train/office_000249.png
office,train,000543,dataset/drivable/images/train/office_000543.png,dataset/drivable/masks/train/office_000543.png
office,train,000442,dataset/drivable/images/train/office_000442.png,dataset/drivable/masks/train/office_000442.png
office,train,000513,dataset/drivable/images/train/office_000513.png,dataset/drivable/masks/train/office_000513.png
office,train,000457,dataset/drivable/images/train/office_000457.png,dataset/drivable/masks/train/office_000457.png
office,train,000404,dataset/drivable/images/train/office_000404.png,dataset/drivable/masks/train/office_000404.png
office,train,000199,dataset/drivable/images/train/office_000199.png,dataset/drivable/masks/train/office_000199.png
office,train,000456,dataset/drivable/images/train/office_000456.png,dataset/drivable/masks/train/office_000456.png
office,train,000194,dataset/drivable/images/train/office_000194.png,dataset/drivable/masks/train/office_000194.png
office,train,000486,dataset/drivable/images/train/office_000486.png,dataset/drivable/masks/train/office_000486.png
office,train,000553,dataset/drivable/images/train/office_000553.png,dataset/drivable/masks/train/office_000553.png
office,train,000205,dataset/drivable/images/train/office_000205.png,dataset/drivable/masks/train/office_000205.png
office,train,000359,dataset/drivable/images/train/office_000359.png,dataset/drivable/masks/train/office_000359.png
office,train,000246,dataset/drivable/images/train/office_000246.png,dataset/drivable/masks/train/office_000246.png
office,train,000360,dataset/drivable/images/train/office_000360.png,dataset/drivable/masks/train/office_000360.png
office,train,000351,dataset/drivable/images/train/office_000351.png,dataset/drivable/masks/train/office_000351.png
office,train,000085,dataset/drivable/images/train/office_000085.png,dataset/drivable/masks/train/office_000085.png
office,train,000538,dataset/drivable/images/train/office_000538.png,dataset/drivable/masks/train/office_000538.png
office,train,000047,dataset/drivable/images/train/office_000047.png,dataset/drivable/masks/train/office_000047.png
office,train,000007,dataset/drivable/images/train/office_000007.png,dataset/drivable/masks/train/office_000007.png
office,train,000358,dataset/drivable/images/train/office_000358.png,dataset/drivable/masks/train/office_000358.png
office,train,000598,dataset/drivable/images/train/office_000598.png,dataset/drivable/masks/train/office_000598.png
office,train,000338,dataset/drivable/images/train/office_000338.png,dataset/drivable/masks/train/office_000338.png
office,train,000406,dataset/drivable/images/train/office_000406.png,dataset/drivable/masks/train/office_000406.png
office,train,000226,dataset/drivable/images/train/office_000226.png,dataset/drivable/masks/train/office_000226.png
office,train,000038,dataset/drivable/images/train/office_000038.png,dataset/drivable/masks/train/office_000038.png
office,train,000333,dataset/drivable/images/train/office_000333.png,dataset/drivable/masks/train/office_000333.png
office,train,000236,dataset/drivable/images/train/office_000236.png,dataset/drivable/masks/train/office_000236.png
office,train,000372,dataset/drivable/images/train/office_000372.png,dataset/drivable/masks/train/office_000372.png
office,train,000093,dataset/drivable/images/train/office_000093.png,dataset/drivable/masks/train/office_000093.png
office,train,000568,dataset/drivable/images/train/office_000568.png,dataset/drivable/masks/train/office_000568.png
office,train,000551,dataset/drivable/images/train/office_000551.png,dataset/drivable/masks/train/office_000551.png
office,train,000229,dataset/drivable/images/train/office_000229.png,dataset/drivable/masks/train/office_000229.png
office,train,000467,dataset/drivable/images/train/office_000467.png,dataset/drivable/masks/train/office_000467.png
office,train,000350,dataset/drivable/images/train/office_000350.png,dataset/drivable/masks/train/office_000350.png
office,train,000098,dataset/drivable/images/train/office_000098.png,dataset/drivable/masks/train/office_000098.png
office,train,000557,dataset/drivable/images/train/office_000557.png,dataset/drivable/masks/train/office_000557.png
office,train,000055,dataset/drivable/images/train/office_000055.png,dataset/drivable/masks/train/office_000055.png
office,train,000509,dataset/drivable/images/train/office_000509.png,dataset/drivable/masks/train/office_000509.png
office,train,000206,dataset/drivable/images/train/office_000206.png,dataset/drivable/masks/train/office_000206.png
office,train,000031,dataset/drivable/images/train/office_000031.png,dataset/drivable/masks/train/office_000031.png
office,train,000050,dataset/drivable/images/train/office_000050.png,dataset/drivable/masks/train/office_000050.png
office,train,000330,dataset/drivable/images/train/office_000330.png,dataset/drivable/masks/train/office_000330.png
office,train,000334,dataset/drivable/images/train/office_000334.png,dataset/drivable/masks/train/office_000334.png
office,train,000583,dataset/drivable/images/train/office_000583.png,dataset/drivable/masks/train/office_000583.png
office,train,000478,dataset/drivable/images/train/office_000478.png,dataset/drivable/masks/train/office_000478.png
office,train,000210,dataset/drivable/images/train/office_000210.png,dataset/drivable/masks/train/office_000210.png
office,train,000401,dataset/drivable/images/train/office_000401.png,dataset/drivable/masks/train/office_000401.png
office,train,000181,dataset/drivable/images/train/office_000181.png,dataset/drivable/masks/train/office_000181.png
office,train,000569,dataset/drivable/images/train/office_000569.png,dataset/drivable/masks/train/office_000569.png
office,train,000408,dataset/drivable/images/train/office_000408.png,dataset/drivable/masks/train/office_000408.png
office,train,000049,dataset/drivable/images/train/office_000049.png,dataset/drivable/masks/train/office_000049.png
office,train,000048,dataset/drivable/images/train/office_000048.png,dataset/drivable/masks/train/office_000048.png
office,train,000097,dataset/drivable/images/train/office_000097.png,dataset/drivable/masks/train/office_000097.png
office,train,000208,dataset/drivable/images/train/office_000208.png,dataset/drivable/masks/train/office_000208.png
office,train,000354,dataset/drivable/images/train/office_000354.png,dataset/drivable/masks/train/office_000354.png
office,train,000124,dataset/drivable/images/train/office_000124.png,dataset/drivable/masks/train/office_000124.png
office,train,000242,dataset/drivable/images/train/office_000242.png,dataset/drivable/masks/train/office_000242.png
office,train,000295,dataset/drivable/images/train/office_000295.png,dataset/drivable/masks/train/office_000295.png
office,train,000292,dataset/drivable/images/train/office_000292.png,dataset/drivable/masks/train/office_000292.png
office,train,000520,dataset/drivable/images/train/office_000520.png,dataset/drivable/masks/train/office_000520.png
office,train,000399,dataset/drivable/images/train/office_000399.png,dataset/drivable/masks/train/office_000399.png
office,train,000109,dataset/drivable/images/train/office_000109.png,dataset/drivable/masks/train/office_000109.png
office,train,000415,dataset/drivable/images/train/office_000415.png,dataset/drivable/masks/train/office_000415.png
office,train,000342,dataset/drivable/images/train/office_000342.png,dataset/drivable/masks/train/office_000342.png
office,train,000516,dataset/drivable/images/train/office_000516.png,dataset/drivable/masks/train/office_000516.png
office,train,000121,dataset/drivable/images/train/office_000121.png,dataset/drivable/masks/train/office_000121.png
office,train,000263,dataset/drivable/images/train/office_000263.png,dataset/drivable/masks/train/office_000263.png
office,train,000397,dataset/drivable/images/train/office_000397.png,dataset/drivable/masks/train/office_000397.png
office,train,000169,dataset/drivable/images/train/office_000169.png,dataset/drivable/masks/train/office_000169.png
office,train,000016,dataset/drivable/images/train/office_000016.png,dataset/drivable/masks/train/office_000016.png
office,train,000034,dataset/drivable/images/train/office_000034.png,dataset/drivable/masks/train/office_000034.png
office,train,000377,dataset/drivable/images/train/office_000377.png,dataset/drivable/masks/train/office_000377.png
office,train,000588,dataset/drivable/images/train/office_000588.png,dataset/drivable/masks/train/office_000588.png
office,train,000523,dataset/drivable/images/train/office_000523.png,dataset/drivable/masks/train/office_000523.png
office,train,000362,dataset/drivable/images/train/office_000362.png,dataset/drivable/masks/train/office_000362.png
office,train,000036,dataset/drivable/images/train/office_000036.png,dataset/drivable/masks/train/office_000036.png
office,train,000003,dataset/drivable/images/train/office_000003.png,dataset/drivable/masks/train/office_000003.png
office,train,000498,dataset/drivable/images/train/office_000498.png,dataset/drivable/masks/train/office_000498.png
office,train,000539,dataset/drivable/images/train/office_000539.png,dataset/drivable/masks/train/office_000539.png
office,train,000117,dataset/drivable/images/train/office_000117.png,dataset/drivable/masks/train/office_000117.png
office,train,000475,dataset/drivable/images/train/office_000475.png,dataset/drivable/masks/train/office_000475.png
office,train,000301,dataset/drivable/images/train/office_000301.png,dataset/drivable/masks/train/office_000301.png
office,train,000010,dataset/drivable/images/train/office_000010.png,dataset/drivable/masks/train/office_000010.png
office,train,000173,dataset/drivable/images/train/office_000173.png,dataset/drivable/masks/train/office_000173.png
office,train,000482,dataset/drivable/images/train/office_000482.png,dataset/drivable/masks/train/office_000482.png
office,train,000115,dataset/drivable/images/train/office_000115.png,dataset/drivable/masks/train/office_000115.png
office,train,000510,dataset/drivable/images/train/office_000510.png,dataset/drivable/masks/train/office_000510.png
office,train,000061,dataset/drivable/images/train/office_000061.png,dataset/drivable/masks/train/office_000061.png
office,train,000231,dataset/drivable/images/train/office_000231.png,dataset/drivable/masks/train/office_000231.png
office,train,000264,dataset/drivable/images/train/office_000264.png,dataset/drivable/masks/train/office_000264.png
office,train,000528,dataset/drivable/images/train/office_000528.png,dataset/drivable/masks/train/office_000528.png
office,train,000437,dataset/drivable/images/train/office_000437.png,dataset/drivable/masks/train/office_000437.png
office,train,000527,dataset/drivable/images/train/office_000527.png,dataset/drivable/masks/train/office_000527.png
office,train,000343,dataset/drivable/images/train/office_000343.png,dataset/drivable/masks/train/office_000343.png
office,train,000500,dataset/drivable/images/train/office_000500.png,dataset/drivable/masks/train/office_000500.png
office,train,000570,dataset/drivable/images/train/office_000570.png,dataset/drivable/masks/train/office_000570.png
office,train,000365,dataset/drivable/images/train/office_000365.png,dataset/drivable/masks/train/office_000365.png
office,train,000102,dataset/drivable/images/train/office_000102.png,dataset/drivable/masks/train/office_000102.png
office,train,000353,dataset/drivable/images/train/office_000353.png,dataset/drivable/masks/train/office_000353.png
office,train,000541,dataset/drivable/images/train/office_000541.png,dataset/drivable/masks/train/office_000541.png
office,train,000493,dataset/drivable/images/train/office_000493.png,dataset/drivable/masks/train/office_000493.png
office,train,000434,dataset/drivable/images/train/office_000434.png,dataset/drivable/masks/train/office_000434.png
office,train,000108,dataset/drivable/images/train/office_000108.png,dataset/drivable/masks/train/office_000108.png
office,train,000484,dataset/drivable/images/train/office_000484.png,dataset/drivable/masks/train/office_000484.png
office,train,000310,dataset/drivable/images/train/office_000310.png,dataset/drivable/masks/train/office_000310.png
office,train,000477,dataset/drivable/images/train/office_000477.png,dataset/drivable/masks/train/office_000477.png
office,train,000135,dataset/drivable/images/train/office_000135.png,dataset/drivable/masks/train/office_000135.png
office,train,000084,dataset/drivable/images/train/office_000084.png,dataset/drivable/masks/train/office_000084.png
office,train,000597,dataset/drivable/images/train/office_000597.png,dataset/drivable/masks/train/office_000597.png
office,train,000243,dataset/drivable/images/train/office_000243.png,dataset/drivable/masks/train/office_000243.png
office,train,000337,dataset/drivable/images/train/office_000337.png,dataset/drivable/masks/train/office_000337.png
office,train,000065,dataset/drivable/images/train/office_000065.png,dataset/drivable/masks/train/office_000065.png
office,train,000064,dataset/drivable/images/train/office_000064.png,dataset/drivable/masks/train/office_000064.png
office,train,000392,dataset/drivable/images/train/office_000392.png,dataset/drivable/masks/train/office_000392.png
office,train,000272,dataset/drivable/images/train/office_000272.png,dataset/drivable/masks/train/office_000272.png
office,train,000544,dataset/drivable/images/train/office_000544.png,dataset/drivable/masks/train/office_000544.png
office,train,000035,dataset/drivable/images/train/office_000035.png,dataset/drivable/masks/train/office_000035.png
office,train,000248,dataset/drivable/images/train/office_000248.png,dataset/drivable/masks/train/office_000248.png
office,train,000374,dataset/drivable/images/train/office_000374.png,dataset/drivable/masks/train/office_000374.png
office,train,000043,dataset/drivable/images/train/office_000043.png,dataset/drivable/masks/train/office_000043.png
office,train,000040,dataset/drivable/images/train/office_000040.png,dataset/drivable/masks/train/office_000040.png
office,train,000290,dataset/drivable/images/train/office_000290.png,dataset/drivable/masks/train/office_000290.png
office,train,000123,dataset/drivable/images/train/office_000123.png,dataset/drivable/masks/train/office_000123.png
office,train,000029,dataset/drivable/images/train/office_000029.png,dataset/drivable/masks/train/office_000029.png
office,train,000122,dataset/drivable/images/train/office_000122.png,dataset/drivable/masks/train/office_000122.png
office,train,000157,dataset/drivable/images/train/office_000157.png,dataset/drivable/masks/train/office_000157.png
office,train,000413,dataset/drivable/images/train/office_000413.png,dataset/drivable/masks/train/office_000413.png
office,train,000499,dataset/drivable/images/train/office_000499.png,dataset/drivable/masks/train/office_000499.png
office,train,000461,dataset/drivable/images/train/office_000461.png,dataset/drivable/masks/train/office_000461.png
office,train,000009,dataset/drivable/images/train/office_000009.png,dataset/drivable/masks/train/office_000009.png
office,train,000533,dataset/drivable/images/train/office_000533.png,dataset/drivable/masks/train/office_000533.png
office,train,000165,dataset/drivable/images/train/office_000165.png,dataset/drivable/masks/train/office_000165.png
office,train,000306,dataset/drivable/images/train/office_000306.png,dataset/drivable/masks/train/office_000306.png
office,train,000000,dataset/drivable/images/train/office_000000.png,dataset/drivable/masks/train/office_000000.png
office,train,000512,dataset/drivable/images/train/office_000512.png,dataset/drivable/masks/train/office_000512.png
office,train,000398,dataset/drivable/images/train/office_000398.png,dataset/drivable/masks/train/office_000398.png
office,train,000529,dataset/drivable/images/train/office_000529.png,dataset/drivable/masks/train/office_000529.png
office,train,000082,dataset/drivable/images/train/office_000082.png,dataset/drivable/masks/train/office_000082.png
office,train,000450,dataset/drivable/images/train/office_000450.png,dataset/drivable/masks/train/office_000450.png
office,train,000191,dataset/drivable/images/train/office_000191.png,dataset/drivable/masks/train/office_000191.png
office,train,000489,dataset/drivable/images/train/office_000489.png,dataset/drivable/masks/train/office_000489.png
office,train,000101,dataset/drivable/images/train/office_000101.png,dataset/drivable/masks/train/office_000101.png
office,train,000311,dataset/drivable/images/train/office_000311.png,dataset/drivable/masks/train/office_000311.png
office,train,000454,dataset/drivable/images/train/office_000454.png,dataset/drivable/masks/train/office_000454.png
office,train,000327,dataset/drivable/images/train/office_000327.png,dataset/drivable/masks/train/office_000327.png
office,train,000430,dataset/drivable/images/train/office_000430.png,dataset/drivable/masks/train/office_000430.png
office,train,000152,dataset/drivable/images/train/office_000152.png,dataset/drivable/masks/train/office_000152.png
office,train,000320,dataset/drivable/images/train/office_000320.png,dataset/drivable/masks/train/office_000320.png
office,train,000445,dataset/drivable/images/train/office_000445.png,dataset/drivable/masks/train/office_000445.png
office,train,000054,dataset/drivable/images/train/office_000054.png,dataset/drivable/masks/train/office_000054.png
office,train,000259,dataset/drivable/images/train/office_000259.png,dataset/drivable/masks/train/office_000259.png
office,train,000091,dataset/drivable/images/train/office_000091.png,dataset/drivable/masks/train/office_000091.png
office,train,000390,dataset/drivable/images/train/office_000390.png,dataset/drivable/masks/train/office_000390.png
office,train,000256,dataset/drivable/images/train/office_000256.png,dataset/drivable/masks/train/office_000256.png
office,train,000506,dataset/drivable/images/train/office_000506.png,dataset/drivable/masks/train/office_000506.png
office,train,000368,dataset/drivable/images/train/office_000368.png,dataset/drivable/masks/train/office_000368.png
office,train,000448,dataset/drivable/images/train/office_000448.png,dataset/drivable/masks/train/office_000448.png
office,train,000471,dataset/drivable/images/train/office_000471.png,dataset/drivable/masks/train/office_000471.png
office,train,000001,dataset/drivable/images/train/office_000001.png,dataset/drivable/masks/train/office_000001.png
office,train,000232,dataset/drivable/images/train/office_000232.png,dataset/drivable/masks/train/office_000232.png
office,train,000555,dataset/drivable/images/train/office_000555.png,dataset/drivable/masks/train/office_000555.png
office,train,000222,dataset/drivable/images/train/office_000222.png,dataset/drivable/masks/train/office_000222.png
office,train,000150,dataset/drivable/images/train/office_000150.png,dataset/drivable/masks/train/office_000150.png
office,train,000526,dataset/drivable/images/train/office_000526.png,dataset/drivable/masks/train/office_000526.png
office,train,000174,dataset/drivable/images/train/office_000174.png,dataset/drivable/masks/train/office_000174.png
office,train,000328,dataset/drivable/images/train/office_000328.png,dataset/drivable/masks/train/office_000328.png
office,train,000393,dataset/drivable/images/train/office_000393.png,dataset/drivable/masks/train/office_000393.png
office,train,000136,dataset/drivable/images/train/office_000136.png,dataset/drivable/masks/train/office_000136.png
office,train,000384,dataset/drivable/images/train/office_000384.png,dataset/drivable/masks/train/office_000384.png
office,train,000521,dataset/drivable/images/train/office_000521.png,dataset/drivable/masks/train/office_000521.png
office,train,000453,dataset/drivable/images/train/office_000453.png,dataset/drivable/masks/train/office_000453.png
office,train,000349,dataset/drivable/images/train/office_000349.png,dataset/drivable/masks/train/office_000349.png
office,train,000058,dataset/drivable/images/train/office_000058.png,dataset/drivable/masks/train/office_000058.png
office,train,000369,dataset/drivable/images/train/office_000369.png,dataset/drivable/masks/train/office_000369.png
office,train,000485,dataset/drivable/images/train/office_000485.png,dataset/drivable/masks/train/office_000485.png
office,train,000005,dataset/drivable/images/train/office_000005.png,dataset/drivable/masks/train/office_000005.png
office,train,000491,dataset/drivable/images/train/office_000491.png,dataset/drivable/masks/train/office_000491.png
office,train,000283,dataset/drivable/images/train/office_000283.png,dataset/drivable/masks/train/office_000283.png
office,train,000128,dataset/drivable/images/train/office_000128.png,dataset/drivable/masks/train/office_000128.png
office,train,000561,dataset/drivable/images/train/office_000561.png,dataset/drivable/masks/train/office_000561.png
office,train,000239,dataset/drivable/images/train/office_000239.png,dataset/drivable/masks/train/office_000239.png
office,train,000483,dataset/drivable/images/train/office_000483.png,dataset/drivable/masks/train/office_000483.png
office,val,000195,dataset/drivable/images/val/office_000195.png,dataset/drivable/masks/val/office_000195.png
office,val,000197,dataset/drivable/images/val/office_000197.png,dataset/drivable/masks/val/office_000197.png
office,val,000524,dataset/drivable/images/val/office_000524.png,dataset/drivable/masks/val/office_000524.png
office,val,000305,dataset/drivable/images/val/office_000305.png,dataset/drivable/masks/val/office_000305.png
office,val,000519,dataset/drivable/images/val/office_000519.png,dataset/drivable/masks/val/office_000519.png
office,val,000572,dataset/drivable/images/val/office_000572.png,dataset/drivable/masks/val/office_000572.png
office,val,000515,dataset/drivable/images/val/office_000515.png,dataset/drivable/masks/val/office_000515.png
office,val,000547,dataset/drivable/images/val/office_000547.png,dataset/drivable/masks/val/office_000547.png
office,val,000321,dataset/drivable/images/val/office_000321.png,dataset/drivable/masks/val/office_000321.png
office,val,000078,dataset/drivable/images/val/office_000078.png,dataset/drivable/masks/val/office_000078.png
office,val,000056,dataset/drivable/images/val/office_000056.png,dataset/drivable/masks/val/office_000056.png
office,val,000440,dataset/drivable/images/val/office_000440.png,dataset/drivable/masks/val/office_000440.png
office,val,000024,dataset/drivable/images/val/office_000024.png,dataset/drivable/masks/val/office_000024.png
office,val,000386,dataset/drivable/images/val/office_000386.png,dataset/drivable/masks/val/office_000386.png
office,val,000550,dataset/drivable/images/val/office_000550.png,dataset/drivable/masks/val/office_000550.png
office,val,000252,dataset/drivable/images/val/office_000252.png,dataset/drivable/masks/val/office_000252.png
office,val,000260,dataset/drivable/images/val/office_000260.png,dataset/drivable/masks/val/office_000260.png
office,val,000070,dataset/drivable/images/val/office_000070.png,dataset/drivable/masks/val/office_000070.png
office,val,000112,dataset/drivable/images/val/office_000112.png,dataset/drivable/masks/val/office_000112.png
office,val,000185,dataset/drivable/images/val/office_000185.png,dataset/drivable/masks/val/office_000185.png
office,val,000204,dataset/drivable/images/val/office_000204.png,dataset/drivable/masks/val/office_000204.png
office,val,000298,dataset/drivable/images/val/office_000298.png,dataset/drivable/masks/val/office_000298.png
office,val,000577,dataset/drivable/images/val/office_000577.png,dataset/drivable/masks/val/office_000577.png
office,val,000219,dataset/drivable/images/val/office_000219.png,dataset/drivable/masks/val/office_000219.png
office,val,000299,dataset/drivable/images/val/office_000299.png,dataset/drivable/masks/val/office_000299.png
office,val,000382,dataset/drivable/images/val/office_000382.png,dataset/drivable/masks/val/office_000382.png
office,val,000134,dataset/drivable/images/val/office_000134.png,dataset/drivable/masks/val/office_000134.png
office,val,000275,dataset/drivable/images/val/office_000275.png,dataset/drivable/masks/val/office_000275.png
office,val,000287,dataset/drivable/images/val/office_000287.png,dataset/drivable/masks/val/office_000287.png
office,val,000381,dataset/drivable/images/val/office_000381.png,dataset/drivable/masks/val/office_000381.png
office,val,000126,dataset/drivable/images/val/office_000126.png,dataset/drivable/masks/val/office_000126.png
office,val,000594,dataset/drivable/images/val/office_000594.png,dataset/drivable/masks/val/office_000594.png
office,val,000271,dataset/drivable/images/val/office_000271.png,dataset/drivable/masks/val/office_000271.png
office,val,000146,dataset/drivable/images/val/office_000146.png,dataset/drivable/masks/val/office_000146.png
office,val,000469,dataset/drivable/images/val/office_000469.png,dataset/drivable/masks/val/office_000469.png
office,val,000405,dataset/drivable/images/val/office_000405.png,dataset/drivable/masks/val/office_000405.png
office,val,000511,dataset/drivable/images/val/office_000511.png,dataset/drivable/masks/val/office_000511.png
office,val,000217,dataset/drivable/images/val/office_000217.png,dataset/drivable/masks/val/office_000217.png
office,val,000322,dataset/drivable/images/val/office_000322.png,dataset/drivable/masks/val/office_000322.png
office,val,000216,dataset/drivable/images/val/office_000216.png,dataset/drivable/masks/val/office_000216.png
office,val,000067,dataset/drivable/images/val/office_000067.png,dataset/drivable/masks/val/office_000067.png
office,val,000274,dataset/drivable/images/val/office_000274.png,dataset/drivable/masks/val/office_000274.png
office,val,000410,dataset/drivable/images/val/office_000410.png,dataset/drivable/masks/val/office_000410.png
office,val,000323,dataset/drivable/images/val/office_000323.png,dataset/drivable/masks/val/office_000323.png
office,val,000589,dataset/drivable/images/val/office_000589.png,dataset/drivable/masks/val/office_000589.png
office,val,000234,dataset/drivable/images/val/office_000234.png,dataset/drivable/masks/val/office_000234.png
office,val,000057,dataset/drivable/images/val/office_000057.png,dataset/drivable/masks/val/office_000057.png
office,val,000332,dataset/drivable/images/val/office_000332.png,dataset/drivable/masks/val/office_000332.png
office,val,000224,dataset/drivable/images/val/office_000224.png,dataset/drivable/masks/val/office_000224.png
office,val,000276,dataset/drivable/images/val/office_000276.png,dataset/drivable/masks/val/office_000276.png
office,val,000388,dataset/drivable/images/val/office_000388.png,dataset/drivable/masks/val/office_000388.png
office,val,000473,dataset/drivable/images/val/office_000473.png,dataset/drivable/masks/val/office_000473.png
office,val,000167,dataset/drivable/images/val/office_000167.png,dataset/drivable/masks/val/office_000167.png
office,val,000596,dataset/drivable/images/val/office_000596.png,dataset/drivable/masks/val/office_000596.png
office,val,000175,dataset/drivable/images/val/office_000175.png,dataset/drivable/masks/val/office_000175.png
office,val,000073,dataset/drivable/images/val/office_000073.png,dataset/drivable/masks/val/office_000073.png
office,val,000273,dataset/drivable/images/val/office_000273.png,dataset/drivable/masks/val/office_000273.png
office,val,000214,dataset/drivable/images/val/office_000214.png,dataset/drivable/masks/val/office_000214.png
office,val,000363,dataset/drivable/images/val/office_000363.png,dataset/drivable/masks/val/office_000363.png
office,val,000379,dataset/drivable/images/val/office_000379.png,dataset/drivable/masks/val/office_000379.png
office,test,000166,dataset/drivable/images/test/office_000166.png,dataset/drivable/masks/test/office_000166.png
office,test,000373,dataset/drivable/images/test/office_000373.png,dataset/drivable/masks/test/office_000373.png
office,test,000464,dataset/drivable/images/test/office_000464.png,dataset/drivable/masks/test/office_000464.png
office,test,000571,dataset/drivable/images/test/office_000571.png,dataset/drivable/masks/test/office_000571.png
office,test,000565,dataset/drivable/images/test/office_000565.png,dataset/drivable/masks/test/office_000565.png
office,test,000103,dataset/drivable/images/test/office_000103.png,dataset/drivable/masks/test/office_000103.png
office,test,000585,dataset/drivable/images/test/office_000585.png,dataset/drivable/masks/test/office_000585.png
office,test,000081,dataset/drivable/images/test/office_000081.png,dataset/drivable/masks/test/office_000081.png
office,test,000296,dataset/drivable/images/test/office_000296.png,dataset/drivable/masks/test/office_000296.png
office,test,000233,dataset/drivable/images/test/office_000233.png,dataset/drivable/masks/test/office_000233.png
office,test,000046,dataset/drivable/images/test/office_000046.png,dataset/drivable/masks/test/office_000046.png
office,test,000071,dataset/drivable/images/test/office_000071.png,dataset/drivable/masks/test/office_000071.png
office,test,000196,dataset/drivable/images/test/office_000196.png,dataset/drivable/masks/test/office_000196.png
office,test,000370,dataset/drivable/images/test/office_000370.png,dataset/drivable/masks/test/office_000370.png
office,test,000300,dataset/drivable/images/test/office_000300.png,dataset/drivable/masks/test/office_000300.png
office,test,000080,dataset/drivable/images/test/office_000080.png,dataset/drivable/masks/test/office_000080.png
office,test,000387,dataset/drivable/images/test/office_000387.png,dataset/drivable/masks/test/office_000387.png
office,test,000127,dataset/drivable/images/test/office_000127.png,dataset/drivable/masks/test/office_000127.png
office,test,000549,dataset/drivable/images/test/office_000549.png,dataset/drivable/masks/test/office_000549.png
office,test,000470,dataset/drivable/images/test/office_000470.png,dataset/drivable/masks/test/office_000470.png
office,test,000044,dataset/drivable/images/test/office_000044.png,dataset/drivable/masks/test/office_000044.png
office,test,000270,dataset/drivable/images/test/office_000270.png,dataset/drivable/masks/test/office_000270.png
office,test,000352,dataset/drivable/images/test/office_000352.png,dataset/drivable/masks/test/office_000352.png
office,test,000367,dataset/drivable/images/test/office_000367.png,dataset/drivable/masks/test/office_000367.png
office,test,000099,dataset/drivable/images/test/office_000099.png,dataset/drivable/masks/test/office_000099.png
office,test,000389,dataset/drivable/images/test/office_000389.png,dataset/drivable/masks/test/office_000389.png
office,test,000094,dataset/drivable/images/test/office_000094.png,dataset/drivable/masks/test/office_000094.png
office,test,000593,dataset/drivable/images/test/office_000593.png,dataset/drivable/masks/test/office_000593.png
office,test,000344,dataset/drivable/images/test/office_000344.png,dataset/drivable/masks/test/office_000344.png
office,test,000220,dataset/drivable/images/test/office_000220.png,dataset/drivable/masks/test/office_000220.png
office,test,000159,dataset/drivable/images/test/office_000159.png,dataset/drivable/masks/test/office_000159.png
office,test,000576,dataset/drivable/images/test/office_000576.png,dataset/drivable/masks/test/office_000576.png
office,test,000348,dataset/drivable/images/test/office_000348.png,dataset/drivable/masks/test/office_000348.png
office,test,000590,dataset/drivable/images/test/office_000590.png,dataset/drivable/masks/test/office_000590.png
office,test,000163,dataset/drivable/images/test/office_000163.png,dataset/drivable/masks/test/office_000163.png
office,test,000006,dataset/drivable/images/test/office_000006.png,dataset/drivable/masks/test/office_000006.png
office,test,000284,dataset/drivable/images/test/office_000284.png,dataset/drivable/masks/test/office_000284.png
office,test,000459,dataset/drivable/images/test/office_000459.png,dataset/drivable/masks/test/office_000459.png
office,test,000225,dataset/drivable/images/test/office_000225.png,dataset/drivable/masks/test/office_000225.png
office,test,000429,dataset/drivable/images/test/office_000429.png,dataset/drivable/masks/test/office_000429.png
office,test,000592,dataset/drivable/images/test/office_000592.png,dataset/drivable/masks/test/office_000592.png
office,test,000203,dataset/drivable/images/test/office_000203.png,dataset/drivable/masks/test/office_000203.png
office,test,000574,dataset/drivable/images/test/office_000574.png,dataset/drivable/masks/test/office_000574.png
office,test,000027,dataset/drivable/images/test/office_000027.png,dataset/drivable/masks/test/office_000027.png
office,test,000517,dataset/drivable/images/test/office_000517.png,dataset/drivable/masks/test/office_000517.png
office,test,000238,dataset/drivable/images/test/office_000238.png,dataset/drivable/masks/test/office_000238.png
office,test,000223,dataset/drivable/images/test/office_000223.png,dataset/drivable/masks/test/office_000223.png
office,test,000095,dataset/drivable/images/test/office_000095.png,dataset/drivable/masks/test/office_000095.png
office,test,000030,dataset/drivable/images/test/office_000030.png,dataset/drivable/masks/test/office_000030.png
office,test,000032,dataset/drivable/images/test/office_000032.png,dataset/drivable/masks/test/office_000032.png
office,test,000432,dataset/drivable/images/test/office_000432.png,dataset/drivable/masks/test/office_000432.png
office,test,000089,dataset/drivable/images/test/office_000089.png,dataset/drivable/masks/test/office_000089.png
office,test,000558,dataset/drivable/images/test/office_000558.png,dataset/drivable/masks/test/office_000558.png
office,test,000104,dataset/drivable/images/test/office_000104.png,dataset/drivable/masks/test/office_000104.png
office,test,000142,dataset/drivable/images/test/office_000142.png,dataset/drivable/masks/test/office_000142.png
office,test,000228,dataset/drivable/images/test/office_000228.png,dataset/drivable/masks/test/office_000228.png
office,test,000250,dataset/drivable/images/test/office_000250.png,dataset/drivable/masks/test/office_000250.png
office,test,000281,dataset/drivable/images/test/office_000281.png,dataset/drivable/masks/test/office_000281.png
office,test,000025,dataset/drivable/images/test/office_000025.png,dataset/drivable/masks/test/office_000025.png
office,test,000114,dataset/drivable/images/test/office_000114.png,dataset/drivable/masks/test/office_000114.png
hospital,train,000102,dataset/drivable/images/train/hospital_000102.png,dataset/drivable/masks/train/hospital_000102.png
hospital,train,000187,dataset/drivable/images/train/hospital_000187.png,dataset/drivable/masks/train/hospital_000187.png
hospital,train,000094,dataset/drivable/images/train/hospital_000094.png,dataset/drivable/masks/train/hospital_000094.png
hospital,train,000055,dataset/drivable/images/train/hospital_000055.png,dataset/drivable/masks/train/hospital_000055.png
hospital,train,000131,dataset/drivable/images/train/hospital_000131.png,dataset/drivable/masks/train/hospital_000131.png
hospital,train,000046,dataset/drivable/images/train/hospital_000046.png,dataset/drivable/masks/train/hospital_000046.png
hospital,train,000192,dataset/drivable/images/train/hospital_000192.png,dataset/drivable/masks/train/hospital_000192.png
hospital,train,000091,dataset/drivable/images/train/hospital_000091.png,dataset/drivable/masks/train/hospital_000091.png
hospital,train,000144,dataset/drivable/images/train/hospital_000144.png,dataset/drivable/masks/train/hospital_000144.png
hospital,train,000077,dataset/drivable/images/train/hospital_000077.png,dataset/drivable/masks/train/hospital_000077.png
hospital,train,000065,dataset/drivable/images/train/hospital_000065.png,dataset/drivable/masks/train/hospital_000065.png
hospital,train,000150,dataset/drivable/images/train/hospital_000150.png,dataset/drivable/masks/train/hospital_000150.png
hospital,train,000009,dataset/drivable/images/train/hospital_000009.png,dataset/drivable/masks/train/hospital_000009.png
hospital,train,000088,dataset/drivable/images/train/hospital_000088.png,dataset/drivable/masks/train/hospital_000088.png
hospital,train,000018,dataset/drivable/images/train/hospital_000018.png,dataset/drivable/masks/train/hospital_000018.png
hospital,train,000057,dataset/drivable/images/train/hospital_000057.png,dataset/drivable/masks/train/hospital_000057.png
hospital,train,000136,dataset/drivable/images/train/hospital_000136.png,dataset/drivable/masks/train/hospital_000136.png
hospital,train,000049,dataset/drivable/images/train/hospital_000049.png,dataset/drivable/masks/train/hospital_000049.png
hospital,train,000173,dataset/drivable/images/train/hospital_000173.png,dataset/drivable/masks/train/hospital_000173.png
hospital,train,000130,dataset/drivable/images/train/hospital_000130.png,dataset/drivable/masks/train/hospital_000130.png
hospital,train,000142,dataset/drivable/images/train/hospital_000142.png,dataset/drivable/masks/train/hospital_000142.png
hospital,train,000126,dataset/drivable/images/train/hospital_000126.png,dataset/drivable/masks/train/hospital_000126.png
hospital,train,000029,dataset/drivable/images/train/hospital_000029.png,dataset/drivable/masks/train/hospital_000029.png
hospital,train,000128,dataset/drivable/images/train/hospital_000128.png,dataset/drivable/masks/train/hospital_000128.png
hospital,train,000120,dataset/drivable/images/train/hospital_000120.png,dataset/drivable/masks/train/hospital_000120.png
hospital,train,000067,dataset/drivable/images/train/hospital_000067.png,dataset/drivable/masks/train/hospital_000067.png
hospital,train,000161,dataset/drivable/images/train/hospital_000161.png,dataset/drivable/masks/train/hospital_000161.png
hospital,train,000182,dataset/drivable/images/train/hospital_000182.png,dataset/drivable/masks/train/hospital_000182.png
hospital,train,000011,dataset/drivable/images/train/hospital_000011.png,dataset/drivable/masks/train/hospital_000011.png
hospital,train,000064,dataset/drivable/images/train/hospital_000064.png,dataset/drivable/masks/train/hospital_000064.png
hospital,train,000181,dataset/drivable/images/train/hospital_000181.png,dataset/drivable/masks/train/hospital_000181.png
hospital,train,000186,dataset/drivable/images/train/hospital_000186.png,dataset/drivable/masks/train/hospital_000186.png
hospital,train,000026,dataset/drivable/images/train/hospital_000026.png,dataset/drivable/masks/train/hospital_000026.png
hospital,train,000000,dataset/drivable/images/train/hospital_000000.png,dataset/drivable/masks/train/hospital_000000.png
hospital,train,000123,dataset/drivable/images/train/hospital_000123.png,dataset/drivable/masks/train/hospital_000123.png
hospital,train,000174,dataset/drivable/images/train/hospital_000174.png,dataset/drivable/masks/train/hospital_000174.png
hospital,train,000100,dataset/drivable/images/train/hospital_000100.png,dataset/drivable/masks/train/hospital_000100.png
hospital,train,000188,dataset/drivable/images/train/hospital_000188.png,dataset/drivable/masks/train/hospital_000188.png
hospital,train,000171,dataset/drivable/images/train/hospital_000171.png,dataset/drivable/masks/train/hospital_000171.png
hospital,train,000034,dataset/drivable/images/train/hospital_000034.png,dataset/drivable/masks/train/hospital_000034.png
hospital,train,000022,dataset/drivable/images/train/hospital_000022.png,dataset/drivable/masks/train/hospital_000022.png
hospital,train,000080,dataset/drivable/images/train/hospital_000080.png,dataset/drivable/masks/train/hospital_000080.png
hospital,train,000127,dataset/drivable/images/train/hospital_000127.png,dataset/drivable/masks/train/hospital_000127.png
hospital,train,000132,dataset/drivable/images/train/hospital_000132.png,dataset/drivable/masks/train/hospital_000132.png
hospital,train,000180,dataset/drivable/images/train/hospital_000180.png,dataset/drivable/masks/train/hospital_000180.png
hospital,train,000062,dataset/drivable/images/train/hospital_000062.png,dataset/drivable/masks/train/hospital_000062.png
hospital,train,000175,dataset/drivable/images/train/hospital_000175.png,dataset/drivable/masks/train/hospital_000175.png
hospital,train,000051,dataset/drivable/images/train/hospital_000051.png,dataset/drivable/masks/train/hospital_000051.png
hospital,train,000196,dataset/drivable/images/train/hospital_000196.png,dataset/drivable/masks/train/hospital_000196.png
hospital,train,000151,dataset/drivable/images/train/hospital_000151.png,dataset/drivable/masks/train/hospital_000151.png
hospital,train,000185,dataset/drivable/images/train/hospital_000185.png,dataset/drivable/masks/train/hospital_000185.png
hospital,train,000089,dataset/drivable/images/train/hospital_000089.png,dataset/drivable/masks/train/hospital_000089.png
hospital,train,000037,dataset/drivable/images/train/hospital_000037.png,dataset/drivable/masks/train/hospital_000037.png
hospital,train,000004,dataset/drivable/images/train/hospital_000004.png,dataset/drivable/masks/train/hospital_000004.png
hospital,train,000012,dataset/drivable/images/train/hospital_000012.png,dataset/drivable/masks/train/hospital_000012.png
hospital,train,000045,dataset/drivable/images/train/hospital_000045.png,dataset/drivable/masks/train/hospital_000045.png
hospital,train,000167,dataset/drivable/images/train/hospital_000167.png,dataset/drivable/masks/train/hospital_000167.png
hospital,train,000024,dataset/drivable/images/train/hospital_000024.png,dataset/drivable/masks/train/hospital_000024.png
hospital,train,000189,dataset/drivable/images/train/hospital_000189.png,dataset/drivable/masks/train/hospital_000189.png
hospital,train,000101,dataset/drivable/images/train/hospital_000101.png,dataset/drivable/masks/train/hospital_000101.png
hospital,train,000036,dataset/drivable/images/train/hospital_000036.png,dataset/drivable/masks/train/hospital_000036.png
hospital,train,000078,dataset/drivable/images/train/hospital_000078.png,dataset/drivable/masks/train/hospital_000078.png
hospital,train,000071,dataset/drivable/images/train/hospital_000071.png,dataset/drivable/masks/train/hospital_000071.png
hospital,train,000168,dataset/drivable/images/train/hospital_000168.png,dataset/drivable/masks/train/hospital_000168.png
hospital,train,000013,dataset/drivable/images/train/hospital_000013.png,dataset/drivable/masks/train/hospital_000013.png
hospital,train,000176,dataset/drivable/images/train/hospital_000176.png,dataset/drivable/masks/train/hospital_000176.png
hospital,train,000165,dataset/drivable/images/train/hospital_000165.png,dataset/drivable/masks/train/hospital_000165.png
hospital,train,000074,dataset/drivable/images/train/hospital_000074.png,dataset/drivable/masks/train/hospital_000074.png
hospital,train,000021,dataset/drivable/images/train/hospital_000021.png,dataset/drivable/masks/train/hospital_000021.png
hospital,train,000047,dataset/drivable/images/train/hospital_000047.png,dataset/drivable/masks/train/hospital_000047.png
hospital,train,000095,dataset/drivable/images/train/hospital_000095.png,dataset/drivable/masks/train/hospital_000095.png
hospital,train,000134,dataset/drivable/images/train/hospital_000134.png,dataset/drivable/masks/train/hospital_000134.png
hospital,train,000191,dataset/drivable/images/train/hospital_000191.png,dataset/drivable/masks/train/hospital_000191.png
hospital,train,000199,dataset/drivable/images/train/hospital_000199.png,dataset/drivable/masks/train/hospital_000199.png
hospital,train,000014,dataset/drivable/images/train/hospital_000014.png,dataset/drivable/masks/train/hospital_000014.png
hospital,train,000093,dataset/drivable/images/train/hospital_000093.png,dataset/drivable/masks/train/hospital_000093.png
hospital,train,000125,dataset/drivable/images/train/hospital_000125.png,dataset/drivable/masks/train/hospital_000125.png
hospital,train,000030,dataset/drivable/images/train/hospital_000030.png,dataset/drivable/masks/train/hospital_000030.png
hospital,train,000172,dataset/drivable/images/train/hospital_000172.png,dataset/drivable/masks/train/hospital_000172.png
hospital,train,000178,dataset/drivable/images/train/hospital_000178.png,dataset/drivable/masks/train/hospital_000178.png
hospital,train,000092,dataset/drivable/images/train/hospital_000092.png,dataset/drivable/masks/train/hospital_000092.png
hospital,train,000025,dataset/drivable/images/train/hospital_000025.png,dataset/drivable/masks/train/hospital_000025.png
hospital,train,000031,dataset/drivable/images/train/hospital_000031.png,dataset/drivable/masks/train/hospital_000031.png
hospital,train,000190,dataset/drivable/images/train/hospital_000190.png,dataset/drivable/masks/train/hospital_000190.png
hospital,train,000147,dataset/drivable/images/train/hospital_000147.png,dataset/drivable/masks/train/hospital_000147.png
hospital,train,000087,dataset/drivable/images/train/hospital_000087.png,dataset/drivable/masks/train/hospital_000087.png
hospital,train,000008,dataset/drivable/images/train/hospital_000008.png,dataset/drivable/masks/train/hospital_000008.png
hospital,train,000083,dataset/drivable/images/train/hospital_000083.png,dataset/drivable/masks/train/hospital_000083.png
hospital,train,000028,dataset/drivable/images/train/hospital_000028.png,dataset/drivable/masks/train/hospital_000028.png
hospital,train,000044,dataset/drivable/images/train/hospital_000044.png,dataset/drivable/masks/train/hospital_000044.png
hospital,train,000108,dataset/drivable/images/train/hospital_000108.png,dataset/drivable/masks/train/hospital_000108.png
hospital,train,000197,dataset/drivable/images/train/hospital_000197.png,dataset/drivable/masks/train/hospital_000197.png
hospital,train,000002,dataset/drivable/images/train/hospital_000002.png,dataset/drivable/masks/train/hospital_000002.png
hospital,train,000198,dataset/drivable/images/train/hospital_000198.png,dataset/drivable/masks/train/hospital_000198.png
hospital,train,000183,dataset/drivable/images/train/hospital_000183.png,dataset/drivable/masks/train/hospital_000183.png
hospital,train,000032,dataset/drivable/images/train/hospital_000032.png,dataset/drivable/masks/train/hospital_000032.png
hospital,train,000053,dataset/drivable/images/train/hospital_000053.png,dataset/drivable/masks/train/hospital_000053.png
hospital,train,000096,dataset/drivable/images/train/hospital_000096.png,dataset/drivable/masks/train/hospital_000096.png
hospital,train,000164,dataset/drivable/images/train/hospital_000164.png,dataset/drivable/masks/train/hospital_000164.png
hospital,train,000195,dataset/drivable/images/train/hospital_000195.png,dataset/drivable/masks/train/hospital_000195.png
hospital,train,000146,dataset/drivable/images/train/hospital_000146.png,dataset/drivable/masks/train/hospital_000146.png
hospital,train,000043,dataset/drivable/images/train/hospital_000043.png,dataset/drivable/masks/train/hospital_000043.png
hospital,train,000105,dataset/drivable/images/train/hospital_000105.png,dataset/drivable/masks/train/hospital_000105.png
hospital,train,000058,dataset/drivable/images/train/hospital_000058.png,dataset/drivable/masks/train/hospital_000058.png
hospital,train,000027,dataset/drivable/images/train/hospital_000027.png,dataset/drivable/masks/train/hospital_000027.png
hospital,train,000041,dataset/drivable/images/train/hospital_000041.png,dataset/drivable/masks/train/hospital_000041.png
hospital,train,000048,dataset/drivable/images/train/hospital_000048.png,dataset/drivable/masks/train/hospital_000048.png
hospital,train,000033,dataset/drivable/images/train/hospital_000033.png,dataset/drivable/masks/train/hospital_000033.png
hospital,train,000006,dataset/drivable/images/train/hospital_000006.png,dataset/drivable/masks/train/hospital_000006.png
hospital,train,000023,dataset/drivable/images/train/hospital_000023.png,dataset/drivable/masks/train/hospital_000023.png
hospital,train,000162,dataset/drivable/images/train/hospital_000162.png,dataset/drivable/masks/train/hospital_000162.png
hospital,train,000110,dataset/drivable/images/train/hospital_000110.png,dataset/drivable/masks/train/hospital_000110.png
hospital,train,000017,dataset/drivable/images/train/hospital_000017.png,dataset/drivable/masks/train/hospital_000017.png
hospital,train,000159,dataset/drivable/images/train/hospital_000159.png,dataset/drivable/masks/train/hospital_000159.png
hospital,train,000082,dataset/drivable/images/train/hospital_000082.png,dataset/drivable/masks/train/hospital_000082.png
hospital,train,000010,dataset/drivable/images/train/hospital_000010.png,dataset/drivable/masks/train/hospital_000010.png
hospital,train,000145,dataset/drivable/images/train/hospital_000145.png,dataset/drivable/masks/train/hospital_000145.png
hospital,train,000155,dataset/drivable/images/train/hospital_000155.png,dataset/drivable/masks/train/hospital_000155.png
hospital,train,000072,dataset/drivable/images/train/hospital_000072.png,dataset/drivable/masks/train/hospital_000072.png
hospital,train,000075,dataset/drivable/images/train/hospital_000075.png,dataset/drivable/masks/train/hospital_000075.png
hospital,train,000050,dataset/drivable/images/train/hospital_000050.png,dataset/drivable/masks/train/hospital_000050.png
hospital,train,000116,dataset/drivable/images/train/hospital_000116.png,dataset/drivable/masks/train/hospital_000116.png
hospital,train,000003,dataset/drivable/images/train/hospital_000003.png,dataset/drivable/masks/train/hospital_000003.png
hospital,train,000068,dataset/drivable/images/train/hospital_000068.png,dataset/drivable/masks/train/hospital_000068.png
hospital,train,000079,dataset/drivable/images/train/hospital_000079.png,dataset/drivable/masks/train/hospital_000079.png
hospital,train,000158,dataset/drivable/images/train/hospital_000158.png,dataset/drivable/masks/train/hospital_000158.png
hospital,train,000117,dataset/drivable/images/train/hospital_000117.png,dataset/drivable/masks/train/hospital_000117.png
hospital,train,000153,dataset/drivable/images/train/hospital_000153.png,dataset/drivable/masks/train/hospital_000153.png
hospital,train,000042,dataset/drivable/images/train/hospital_000042.png,dataset/drivable/masks/train/hospital_000042.png
hospital,train,000103,dataset/drivable/images/train/hospital_000103.png,dataset/drivable/masks/train/hospital_000103.png
hospital,train,000086,dataset/drivable/images/train/hospital_000086.png,dataset/drivable/masks/train/hospital_000086.png
hospital,train,000141,dataset/drivable/images/train/hospital_000141.png,dataset/drivable/masks/train/hospital_000141.png
hospital,train,000007,dataset/drivable/images/train/hospital_000007.png,dataset/drivable/masks/train/hospital_000007.png
hospital,train,000139,dataset/drivable/images/train/hospital_000139.png,dataset/drivable/masks/train/hospital_000139.png
hospital,train,000111,dataset/drivable/images/train/hospital_000111.png,dataset/drivable/masks/train/hospital_000111.png
hospital,train,000169,dataset/drivable/images/train/hospital_000169.png,dataset/drivable/masks/train/hospital_000169.png
hospital,train,000154,dataset/drivable/images/train/hospital_000154.png,dataset/drivable/masks/train/hospital_000154.png
hospital,train,000177,dataset/drivable/images/train/hospital_000177.png,dataset/drivable/masks/train/hospital_000177.png
hospital,train,000056,dataset/drivable/images/train/hospital_000056.png,dataset/drivable/masks/train/hospital_000056.png
hospital,train,000137,dataset/drivable/images/train/hospital_000137.png,dataset/drivable/masks/train/hospital_000137.png
hospital,train,000149,dataset/drivable/images/train/hospital_000149.png,dataset/drivable/masks/train/hospital_000149.png
hospital,train,000148,dataset/drivable/images/train/hospital_000148.png,dataset/drivable/masks/train/hospital_000148.png
hospital,train,000076,dataset/drivable/images/train/hospital_000076.png,dataset/drivable/masks/train/hospital_000076.png
hospital,train,000090,dataset/drivable/images/train/hospital_000090.png,dataset/drivable/masks/train/hospital_000090.png
hospital,train,000001,dataset/drivable/images/train/hospital_000001.png,dataset/drivable/masks/train/hospital_000001.png
hospital,train,000122,dataset/drivable/images/train/hospital_000122.png,dataset/drivable/masks/train/hospital_000122.png
hospital,train,000097,dataset/drivable/images/train/hospital_000097.png,dataset/drivable/masks/train/hospital_000097.png
hospital,train,000005,dataset/drivable/images/train/hospital_000005.png,dataset/drivable/masks/train/hospital_000005.png
hospital,train,000099,dataset/drivable/images/train/hospital_000099.png,dataset/drivable/masks/train/hospital_000099.png
hospital,train,000107,dataset/drivable/images/train/hospital_000107.png,dataset/drivable/masks/train/hospital_000107.png
hospital,train,000052,dataset/drivable/images/train/hospital_000052.png,dataset/drivable/masks/train/hospital_000052.png
hospital,train,000015,dataset/drivable/images/train/hospital_000015.png,dataset/drivable/masks/train/hospital_000015.png
hospital,train,000157,dataset/drivable/images/train/hospital_000157.png,dataset/drivable/masks/train/hospital_000157.png
hospital,train,000119,dataset/drivable/images/train/hospital_000119.png,dataset/drivable/masks/train/hospital_000119.png
hospital,train,000166,dataset/drivable/images/train/hospital_000166.png,dataset/drivable/masks/train/hospital_000166.png
hospital,train,000084,dataset/drivable/images/train/hospital_000084.png,dataset/drivable/masks/train/hospital_000084.png
hospital,train,000104,dataset/drivable/images/train/hospital_000104.png,dataset/drivable/masks/train/hospital_000104.png
hospital,train,000106,dataset/drivable/images/train/hospital_000106.png,dataset/drivable/masks/train/hospital_000106.png
hospital,train,000016,dataset/drivable/images/train/hospital_000016.png,dataset/drivable/masks/train/hospital_000016.png
hospital,train,000054,dataset/drivable/images/train/hospital_000054.png,dataset/drivable/masks/train/hospital_000054.png
hospital,val,000039,dataset/drivable/images/val/hospital_000039.png,dataset/drivable/masks/val/hospital_000039.png
hospital,val,000098,dataset/drivable/images/val/hospital_000098.png,dataset/drivable/masks/val/hospital_000098.png
hospital,val,000059,dataset/drivable/images/val/hospital_000059.png,dataset/drivable/masks/val/hospital_000059.png
hospital,val,000038,dataset/drivable/images/val/hospital_000038.png,dataset/drivable/masks/val/hospital_000038.png
hospital,val,000035,dataset/drivable/images/val/hospital_000035.png,dataset/drivable/masks/val/hospital_000035.png
hospital,val,000020,dataset/drivable/images/val/hospital_000020.png,dataset/drivable/masks/val/hospital_000020.png
hospital,val,000138,dataset/drivable/images/val/hospital_000138.png,dataset/drivable/masks/val/hospital_000138.png
hospital,val,000194,dataset/drivable/images/val/hospital_000194.png,dataset/drivable/masks/val/hospital_000194.png
hospital,val,000085,dataset/drivable/images/val/hospital_000085.png,dataset/drivable/masks/val/hospital_000085.png
hospital,val,000069,dataset/drivable/images/val/hospital_000069.png,dataset/drivable/masks/val/hospital_000069.png
hospital,val,000060,dataset/drivable/images/val/hospital_000060.png,dataset/drivable/masks/val/hospital_000060.png
hospital,val,000073,dataset/drivable/images/val/hospital_000073.png,dataset/drivable/masks/val/hospital_000073.png
hospital,val,000019,dataset/drivable/images/val/hospital_000019.png,dataset/drivable/masks/val/hospital_000019.png
hospital,val,000112,dataset/drivable/images/val/hospital_000112.png,dataset/drivable/masks/val/hospital_000112.png
hospital,val,000179,dataset/drivable/images/val/hospital_000179.png,dataset/drivable/masks/val/hospital_000179.png
hospital,val,000061,dataset/drivable/images/val/hospital_000061.png,dataset/drivable/masks/val/hospital_000061.png
hospital,val,000160,dataset/drivable/images/val/hospital_000160.png,dataset/drivable/masks/val/hospital_000160.png
hospital,val,000124,dataset/drivable/images/val/hospital_000124.png,dataset/drivable/masks/val/hospital_000124.png
hospital,val,000133,dataset/drivable/images/val/hospital_000133.png,dataset/drivable/masks/val/hospital_000133.png
hospital,val,000070,dataset/drivable/images/val/hospital_000070.png,dataset/drivable/masks/val/hospital_000070.png
hospital,test,000163,dataset/drivable/images/test/hospital_000163.png,dataset/drivable/masks/test/hospital_000163.png
hospital,test,000063,dataset/drivable/images/test/hospital_000063.png,dataset/drivable/masks/test/hospital_000063.png
hospital,test,000066,dataset/drivable/images/test/hospital_000066.png,dataset/drivable/masks/test/hospital_000066.png
hospital,test,000115,dataset/drivable/images/test/hospital_000115.png,dataset/drivable/masks/test/hospital_000115.png
hospital,test,000121,dataset/drivable/images/test/hospital_000121.png,dataset/drivable/masks/test/hospital_000121.png
hospital,test,000040,dataset/drivable/images/test/hospital_000040.png,dataset/drivable/masks/test/hospital_000040.png
hospital,test,000114,dataset/drivable/images/test/hospital_000114.png,dataset/drivable/masks/test/hospital_000114.png
hospital,test,000140,dataset/drivable/images/test/hospital_000140.png,dataset/drivable/masks/test/hospital_000140.png
hospital,test,000109,dataset/drivable/images/test/hospital_000109.png,dataset/drivable/masks/test/hospital_000109.png
hospital,test,000129,dataset/drivable/images/test/hospital_000129.png,dataset/drivable/masks/test/hospital_000129.png
hospital,test,000184,dataset/drivable/images/test/hospital_000184.png,dataset/drivable/masks/test/hospital_000184.png
hospital,test,000156,dataset/drivable/images/test/hospital_000156.png,dataset/drivable/masks/test/hospital_000156.png
hospital,test,000113,dataset/drivable/images/test/hospital_000113.png,dataset/drivable/masks/test/hospital_000113.png
hospital,test,000193,dataset/drivable/images/test/hospital_000193.png,dataset/drivable/masks/test/hospital_000193.png
hospital,test,000081,dataset/drivable/images/test/hospital_000081.png,dataset/drivable/masks/test/hospital_000081.png
hospital,test,000152,dataset/drivable/images/test/hospital_000152.png,dataset/drivable/masks/test/hospital_000152.png
hospital,test,000143,dataset/drivable/images/test/hospital_000143.png,dataset/drivable/masks/test/hospital_000143.png
hospital,test,000135,dataset/drivable/images/test/hospital_000135.png,dataset/drivable/masks/test/hospital_000135.png
hospital,test,000170,dataset/drivable/images/test/hospital_000170.png,dataset/drivable/masks/test/hospital_000170.png
hospital,test,000118,dataset/drivable/images/test/hospital_000118.png,dataset/drivable/masks/test/hospital_000118.png
warehouse,train,000065,dataset/drivable/images/train/warehouse_000065.png,dataset/drivable/masks/train/warehouse_000065.png
warehouse,train,000156,dataset/drivable/images/train/warehouse_000156.png,dataset/drivable/masks/train/warehouse_000156.png
warehouse,train,000143,dataset/drivable/images/train/warehouse_000143.png,dataset/drivable/masks/train/warehouse_000143.png
warehouse,train,000128,dataset/drivable/images/train/warehouse_000128.png,dataset/drivable/masks/train/warehouse_000128.png
warehouse,train,000098,dataset/drivable/images/train/warehouse_000098.png,dataset/drivable/masks/train/warehouse_000098.png
warehouse,train,000035,dataset/drivable/images/train/warehouse_000035.png,dataset/drivable/masks/train/warehouse_000035.png
warehouse,train,000086,dataset/drivable/images/train/warehouse_000086.png,dataset/drivable/masks/train/warehouse_000086.png
warehouse,train,000112,dataset/drivable/images/train/warehouse_000112.png,dataset/drivable/masks/train/warehouse_000112.png
warehouse,train,000154,dataset/drivable/images/train/warehouse_000154.png,dataset/drivable/masks/train/warehouse_000154.png
warehouse,train,000117,dataset/drivable/images/train/warehouse_000117.png,dataset/drivable/masks/train/warehouse_000117.png
warehouse,train,000005,dataset/drivable/images/train/warehouse_000005.png,dataset/drivable/masks/train/warehouse_000005.png
warehouse,train,000119,dataset/drivable/images/train/warehouse_000119.png,dataset/drivable/masks/train/warehouse_000119.png
warehouse,train,000101,dataset/drivable/images/train/warehouse_000101.png,dataset/drivable/masks/train/warehouse_000101.png
warehouse,train,000063,dataset/drivable/images/train/warehouse_000063.png,dataset/drivable/masks/train/warehouse_000063.png
warehouse,train,000115,dataset/drivable/images/train/warehouse_000115.png,dataset/drivable/masks/train/warehouse_000115.png
warehouse,train,000183,dataset/drivable/images/train/warehouse_000183.png,dataset/drivable/masks/train/warehouse_000183.png
warehouse,train,000196,dataset/drivable/images/train/warehouse_000196.png,dataset/drivable/masks/train/warehouse_000196.png
warehouse,train,000052,dataset/drivable/images/train/warehouse_000052.png,dataset/drivable/masks/train/warehouse_000052.png
warehouse,train,000168,dataset/drivable/images/train/warehouse_000168.png,dataset/drivable/masks/train/warehouse_000168.png
warehouse,train,000041,dataset/drivable/images/train/warehouse_000041.png,dataset/drivable/masks/train/warehouse_000041.png
warehouse,train,000024,dataset/drivable/images/train/warehouse_000024.png,dataset/drivable/masks/train/warehouse_000024.png
warehouse,train,000050,dataset/drivable/images/train/warehouse_000050.png,dataset/drivable/masks/train/warehouse_000050.png
warehouse,train,000106,dataset/drivable/images/train/warehouse_000106.png,dataset/drivable/masks/train/warehouse_000106.png
warehouse,train,000145,dataset/drivable/images/train/warehouse_000145.png,dataset/drivable/masks/train/warehouse_000145.png
warehouse,train,000146,dataset/drivable/images/train/warehouse_000146.png,dataset/drivable/masks/train/warehouse_000146.png
warehouse,train,000102,dataset/drivable/images/train/warehouse_000102.png,dataset/drivable/masks/train/warehouse_000102.png
warehouse,train,000105,dataset/drivable/images/train/warehouse_000105.png,dataset/drivable/masks/train/warehouse_000105.png
warehouse,train,000159,dataset/drivable/images/train/warehouse_000159.png,dataset/drivable/masks/train/warehouse_000159.png
warehouse,train,000164,dataset/drivable/images/train/warehouse_000164.png,dataset/drivable/masks/train/warehouse_000164.png
warehouse,train,000161,dataset/drivable/images/train/warehouse_000161.png,dataset/drivable/masks/train/warehouse_000161.png
warehouse,train,000138,dataset/drivable/images/train/warehouse_000138.png,dataset/drivable/masks/train/warehouse_000138.png
warehouse,train,000068,dataset/drivable/images/train/warehouse_000068.png,dataset/drivable/masks/train/warehouse_000068.png
warehouse,train,000131,dataset/drivable/images/train/warehouse_000131.png,dataset/drivable/masks/train/warehouse_000131.png
warehouse,train,000163,dataset/drivable/images/train/warehouse_000163.png,dataset/drivable/masks/train/warehouse_000163.png
warehouse,train,000113,dataset/drivable/images/train/warehouse_000113.png,dataset/drivable/masks/train/warehouse_000113.png
warehouse,train,000017,dataset/drivable/images/train/warehouse_000017.png,dataset/drivable/masks/train/warehouse_000017.png
warehouse,train,000190,dataset/drivable/images/train/warehouse_000190.png,dataset/drivable/masks/train/warehouse_000190.png
warehouse,train,000197,dataset/drivable/images/train/warehouse_000197.png,dataset/drivable/masks/train/warehouse_000197.png
warehouse,train,000034,dataset/drivable/images/train/warehouse_000034.png,dataset/drivable/masks/train/warehouse_000034.png
warehouse,train,000099,dataset/drivable/images/train/warehouse_000099.png,dataset/drivable/masks/train/warehouse_000099.png
warehouse,train,000199,dataset/drivable/images/train/warehouse_000199.png,dataset/drivable/masks/train/warehouse_000199.png
warehouse,train,000074,dataset/drivable/images/train/warehouse_000074.png,dataset/drivable/masks/train/warehouse_000074.png
warehouse,train,000042,dataset/drivable/images/train/warehouse_000042.png,dataset/drivable/masks/train/warehouse_000042.png
warehouse,train,000174,dataset/drivable/images/train/warehouse_000174.png,dataset/drivable/masks/train/warehouse_000174.png
warehouse,train,000040,dataset/drivable/images/train/warehouse_000040.png,dataset/drivable/masks/train/warehouse_000040.png
warehouse,train,000122,dataset/drivable/images/train/warehouse_000122.png,dataset/drivable/masks/train/warehouse_000122.png
warehouse,train,000085,dataset/drivable/images/train/warehouse_000085.png,dataset/drivable/masks/train/warehouse_000085.png
warehouse,train,000109,dataset/drivable/images/train/warehouse_000109.png,dataset/drivable/masks/train/warehouse_000109.png
warehouse,train,000172,dataset/drivable/images/train/warehouse_000172.png,dataset/drivable/masks/train/warehouse_000172.png
warehouse,train,000029,dataset/drivable/images/train/warehouse_000029.png,dataset/drivable/masks/train/warehouse_000029.png
warehouse,train,000151,dataset/drivable/images/train/warehouse_000151.png,dataset/drivable/masks/train/warehouse_000151.png
warehouse,train,000097,dataset/drivable/images/train/warehouse_000097.png,dataset/drivable/masks/train/warehouse_000097.png
warehouse,train,000133,dataset/drivable/images/train/warehouse_000133.png,dataset/drivable/masks/train/warehouse_000133.png
warehouse,train,000157,dataset/drivable/images/train/warehouse_000157.png,dataset/drivable/masks/train/warehouse_000157.png
warehouse,train,000181,dataset/drivable/images/train/warehouse_000181.png,dataset/drivable/masks/train/warehouse_000181.png
warehouse,train,000186,dataset/drivable/images/train/warehouse_000186.png,dataset/drivable/masks/train/warehouse_000186.png
warehouse,train,000018,dataset/drivable/images/train/warehouse_000018.png,dataset/drivable/masks/train/warehouse_000018.png
warehouse,train,000082,dataset/drivable/images/train/warehouse_000082.png,dataset/drivable/masks/train/warehouse_000082.png
warehouse,train,000153,dataset/drivable/images/train/warehouse_000153.png,dataset/drivable/masks/train/warehouse_000153.png
warehouse,train,000044,dataset/drivable/images/train/warehouse_000044.png,dataset/drivable/masks/train/warehouse_000044.png
warehouse,train,000198,dataset/drivable/images/train/warehouse_000198.png,dataset/drivable/masks/train/warehouse_000198.png
warehouse,train,000160,dataset/drivable/images/train/warehouse_000160.png,dataset/drivable/masks/train/warehouse_000160.png
warehouse,train,000000,dataset/drivable/images/train/warehouse_000000.png,dataset/drivable/masks/train/warehouse_000000.png
warehouse,train,000067,dataset/drivable/images/train/warehouse_000067.png,dataset/drivable/masks/train/warehouse_000067.png
warehouse,train,000100,dataset/drivable/images/train/warehouse_000100.png,dataset/drivable/masks/train/warehouse_000100.png
warehouse,train,000022,dataset/drivable/images/train/warehouse_000022.png,dataset/drivable/masks/train/warehouse_000022.png
warehouse,train,000147,dataset/drivable/images/train/warehouse_000147.png,dataset/drivable/masks/train/warehouse_000147.png
warehouse,train,000020,dataset/drivable/images/train/warehouse_000020.png,dataset/drivable/masks/train/warehouse_000020.png
warehouse,train,000091,dataset/drivable/images/train/warehouse_000091.png,dataset/drivable/masks/train/warehouse_000091.png
warehouse,train,000033,dataset/drivable/images/train/warehouse_000033.png,dataset/drivable/masks/train/warehouse_000033.png
warehouse,train,000027,dataset/drivable/images/train/warehouse_000027.png,dataset/drivable/masks/train/warehouse_000027.png
warehouse,train,000026,dataset/drivable/images/train/warehouse_000026.png,dataset/drivable/masks/train/warehouse_000026.png
warehouse,train,000012,dataset/drivable/images/train/warehouse_000012.png,dataset/drivable/masks/train/warehouse_000012.png
warehouse,train,000007,dataset/drivable/images/train/warehouse_000007.png,dataset/drivable/masks/train/warehouse_000007.png
warehouse,train,000093,dataset/drivable/images/train/warehouse_000093.png,dataset/drivable/masks/train/warehouse_000093.png
warehouse,train,000039,dataset/drivable/images/train/warehouse_000039.png,dataset/drivable/masks/train/warehouse_000039.png
warehouse,train,000195,dataset/drivable/images/train/warehouse_000195.png,dataset/drivable/masks/train/warehouse_000195.png
warehouse,train,000136,dataset/drivable/images/train/warehouse_000136.png,dataset/drivable/masks/train/warehouse_000136.png
warehouse,train,000158,dataset/drivable/images/train/warehouse_000158.png,dataset/drivable/masks/train/warehouse_000158.png
warehouse,train,000110,dataset/drivable/images/train/warehouse_000110.png,dataset/drivable/masks/train/warehouse_000110.png
warehouse,train,000057,dataset/drivable/images/train/warehouse_000057.png,dataset/drivable/masks/train/warehouse_000057.png
warehouse,train,000184,dataset/drivable/images/train/warehouse_000184.png,dataset/drivable/masks/train/warehouse_000184.png
warehouse,train,000193,dataset/drivable/images/train/warehouse_000193.png,dataset/drivable/masks/train/warehouse_000193.png
warehouse,train,000028,dataset/drivable/images/train/warehouse_000028.png,dataset/drivable/masks/train/warehouse_000028.png
warehouse,train,000079,dataset/drivable/images/train/warehouse_000079.png,dataset/drivable/masks/train/warehouse_000079.png
warehouse,train,000076,dataset/drivable/images/train/warehouse_000076.png,dataset/drivable/masks/train/warehouse_000076.png
warehouse,train,000185,dataset/drivable/images/train/warehouse_000185.png,dataset/drivable/masks/train/warehouse_000185.png
warehouse,train,000053,dataset/drivable/images/train/warehouse_000053.png,dataset/drivable/masks/train/warehouse_000053.png
warehouse,train,000191,dataset/drivable/images/train/warehouse_000191.png,dataset/drivable/masks/train/warehouse_000191.png
warehouse,train,000015,dataset/drivable/images/train/warehouse_000015.png,dataset/drivable/masks/train/warehouse_000015.png
warehouse,train,000031,dataset/drivable/images/train/warehouse_000031.png,dataset/drivable/masks/train/warehouse_000031.png
warehouse,train,000010,dataset/drivable/images/train/warehouse_000010.png,dataset/drivable/masks/train/warehouse_000010.png
warehouse,train,000038,dataset/drivable/images/train/warehouse_000038.png,dataset/drivable/masks/train/warehouse_000038.png
warehouse,train,000139,dataset/drivable/images/train/warehouse_000139.png,dataset/drivable/masks/train/warehouse_000139.png
warehouse,train,000095,dataset/drivable/images/train/warehouse_000095.png,dataset/drivable/masks/train/warehouse_000095.png
warehouse,train,000019,dataset/drivable/images/train/warehouse_000019.png,dataset/drivable/masks/train/warehouse_000019.png
warehouse,train,000107,dataset/drivable/images/train/warehouse_000107.png,dataset/drivable/masks/train/warehouse_000107.png
warehouse,train,000192,dataset/drivable/images/train/warehouse_000192.png,dataset/drivable/masks/train/warehouse_000192.png
warehouse,train,000175,dataset/drivable/images/train/warehouse_000175.png,dataset/drivable/masks/train/warehouse_000175.png
warehouse,train,000173,dataset/drivable/images/train/warehouse_000173.png,dataset/drivable/masks/train/warehouse_000173.png
warehouse,train,000009,dataset/drivable/images/train/warehouse_000009.png,dataset/drivable/masks/train/warehouse_000009.png
warehouse,train,000118,dataset/drivable/images/train/warehouse_000118.png,dataset/drivable/masks/train/warehouse_000118.png
warehouse,train,000051,dataset/drivable/images/train/warehouse_000051.png,dataset/drivable/masks/train/warehouse_000051.png
warehouse,train,000008,dataset/drivable/images/train/warehouse_000008.png,dataset/drivable/masks/train/warehouse_000008.png
warehouse,train,000014,dataset/drivable/images/train/warehouse_000014.png,dataset/drivable/masks/train/warehouse_000014.png
warehouse,train,000155,dataset/drivable/images/train/warehouse_000155.png,dataset/drivable/masks/train/warehouse_000155.png
warehouse,train,000130,dataset/drivable/images/train/warehouse_000130.png,dataset/drivable/masks/train/warehouse_000130.png
warehouse,train,000006,dataset/drivable/images/train/warehouse_000006.png,dataset/drivable/masks/train/warehouse_000006.png
warehouse,train,000171,dataset/drivable/images/train/warehouse_000171.png,dataset/drivable/masks/train/warehouse_000171.png
warehouse,train,000043,dataset/drivable/images/train/warehouse_000043.png,dataset/drivable/masks/train/warehouse_000043.png
warehouse,train,000169,dataset/drivable/images/train/warehouse_000169.png,dataset/drivable/masks/train/warehouse_000169.png
warehouse,train,000178,dataset/drivable/images/train/warehouse_000178.png,dataset/drivable/masks/train/warehouse_000178.png
warehouse,train,000060,dataset/drivable/images/train/warehouse_000060.png,dataset/drivable/masks/train/warehouse_000060.png
warehouse,train,000036,dataset/drivable/images/train/warehouse_000036.png,dataset/drivable/masks/train/warehouse_000036.png
warehouse,train,000073,dataset/drivable/images/train/warehouse_000073.png,dataset/drivable/masks/train/warehouse_000073.png
warehouse,train,000001,dataset/drivable/images/train/warehouse_000001.png,dataset/drivable/masks/train/warehouse_000001.png
warehouse,train,000189,dataset/drivable/images/train/warehouse_000189.png,dataset/drivable/masks/train/warehouse_000189.png
warehouse,train,000127,dataset/drivable/images/train/warehouse_000127.png,dataset/drivable/masks/train/warehouse_000127.png
warehouse,train,000167,dataset/drivable/images/train/warehouse_000167.png,dataset/drivable/masks/train/warehouse_000167.png
warehouse,train,000096,dataset/drivable/images/train/warehouse_000096.png,dataset/drivable/masks/train/warehouse_000096.png
warehouse,train,000111,dataset/drivable/images/train/warehouse_000111.png,dataset/drivable/masks/train/warehouse_000111.png
warehouse,train,000081,dataset/drivable/images/train/warehouse_000081.png,dataset/drivable/masks/train/warehouse_000081.png
warehouse,train,000016,dataset/drivable/images/train/warehouse_000016.png,dataset/drivable/masks/train/warehouse_000016.png
warehouse,train,000120,dataset/drivable/images/train/warehouse_000120.png,dataset/drivable/masks/train/warehouse_000120.png
warehouse,train,000089,dataset/drivable/images/train/warehouse_000089.png,dataset/drivable/masks/train/warehouse_000089.png
warehouse,train,000037,dataset/drivable/images/train/warehouse_000037.png,dataset/drivable/masks/train/warehouse_000037.png
warehouse,train,000129,dataset/drivable/images/train/warehouse_000129.png,dataset/drivable/masks/train/warehouse_000129.png
warehouse,train,000013,dataset/drivable/images/train/warehouse_000013.png,dataset/drivable/masks/train/warehouse_000013.png
warehouse,train,000011,dataset/drivable/images/train/warehouse_000011.png,dataset/drivable/masks/train/warehouse_000011.png
warehouse,train,000162,dataset/drivable/images/train/warehouse_000162.png,dataset/drivable/masks/train/warehouse_000162.png
warehouse,train,000032,dataset/drivable/images/train/warehouse_000032.png,dataset/drivable/masks/train/warehouse_000032.png
warehouse,train,000003,dataset/drivable/images/train/warehouse_000003.png,dataset/drivable/masks/train/warehouse_000003.png
warehouse,train,000077,dataset/drivable/images/train/warehouse_000077.png,dataset/drivable/masks/train/warehouse_000077.png
warehouse,train,000045,dataset/drivable/images/train/warehouse_000045.png,dataset/drivable/masks/train/warehouse_000045.png
warehouse,train,000092,dataset/drivable/images/train/warehouse_000092.png,dataset/drivable/masks/train/warehouse_000092.png
warehouse,train,000058,dataset/drivable/images/train/warehouse_000058.png,dataset/drivable/masks/train/warehouse_000058.png
warehouse,train,000170,dataset/drivable/images/train/warehouse_000170.png,dataset/drivable/masks/train/warehouse_000170.png
warehouse,train,000144,dataset/drivable/images/train/warehouse_000144.png,dataset/drivable/masks/train/warehouse_000144.png
warehouse,train,000025,dataset/drivable/images/train/warehouse_000025.png,dataset/drivable/masks/train/warehouse_000025.png
warehouse,train,000072,dataset/drivable/images/train/warehouse_000072.png,dataset/drivable/masks/train/warehouse_000072.png
warehouse,train,000134,dataset/drivable/images/train/warehouse_000134.png,dataset/drivable/masks/train/warehouse_000134.png
warehouse,train,000188,dataset/drivable/images/train/warehouse_000188.png,dataset/drivable/masks/train/warehouse_000188.png
warehouse,train,000123,dataset/drivable/images/train/warehouse_000123.png,dataset/drivable/masks/train/warehouse_000123.png
warehouse,train,000055,dataset/drivable/images/train/warehouse_000055.png,dataset/drivable/masks/train/warehouse_000055.png
warehouse,train,000149,dataset/drivable/images/train/warehouse_000149.png,dataset/drivable/masks/train/warehouse_000149.png
warehouse,train,000047,dataset/drivable/images/train/warehouse_000047.png,dataset/drivable/masks/train/warehouse_000047.png
warehouse,train,000137,dataset/drivable/images/train/warehouse_000137.png,dataset/drivable/masks/train/warehouse_000137.png
warehouse,train,000150,dataset/drivable/images/train/warehouse_000150.png,dataset/drivable/masks/train/warehouse_000150.png
warehouse,train,000080,dataset/drivable/images/train/warehouse_000080.png,dataset/drivable/masks/train/warehouse_000080.png
warehouse,train,000049,dataset/drivable/images/train/warehouse_000049.png,dataset/drivable/masks/train/warehouse_000049.png
warehouse,train,000030,dataset/drivable/images/train/warehouse_000030.png,dataset/drivable/masks/train/warehouse_000030.png
warehouse,train,000059,dataset/drivable/images/train/warehouse_000059.png,dataset/drivable/masks/train/warehouse_000059.png
warehouse,train,000064,dataset/drivable/images/train/warehouse_000064.png,dataset/drivable/masks/train/warehouse_000064.png
warehouse,train,000166,dataset/drivable/images/train/warehouse_000166.png,dataset/drivable/masks/train/warehouse_000166.png
warehouse,train,000069,dataset/drivable/images/train/warehouse_000069.png,dataset/drivable/masks/train/warehouse_000069.png
warehouse,train,000116,dataset/drivable/images/train/warehouse_000116.png,dataset/drivable/masks/train/warehouse_000116.png
warehouse,train,000194,dataset/drivable/images/train/warehouse_000194.png,dataset/drivable/masks/train/warehouse_000194.png
warehouse,train,000084,dataset/drivable/images/train/warehouse_000084.png,dataset/drivable/masks/train/warehouse_000084.png
warehouse,train,000140,dataset/drivable/images/train/warehouse_000140.png,dataset/drivable/masks/train/warehouse_000140.png
warehouse,train,000108,dataset/drivable/images/train/warehouse_000108.png,dataset/drivable/masks/train/warehouse_000108.png
warehouse,val,000088,dataset/drivable/images/val/warehouse_000088.png,dataset/drivable/masks/val/warehouse_000088.png
warehouse,val,000135,dataset/drivable/images/val/warehouse_000135.png,dataset/drivable/masks/val/warehouse_000135.png
warehouse,val,000141,dataset/drivable/images/val/warehouse_000141.png,dataset/drivable/masks/val/warehouse_000141.png
warehouse,val,000177,dataset/drivable/images/val/warehouse_000177.png,dataset/drivable/masks/val/warehouse_000177.png
warehouse,val,000094,dataset/drivable/images/val/warehouse_000094.png,dataset/drivable/masks/val/warehouse_000094.png
warehouse,val,000148,dataset/drivable/images/val/warehouse_000148.png,dataset/drivable/masks/val/warehouse_000148.png
warehouse,val,000078,dataset/drivable/images/val/warehouse_000078.png,dataset/drivable/masks/val/warehouse_000078.png
warehouse,val,000062,dataset/drivable/images/val/warehouse_000062.png,dataset/drivable/masks/val/warehouse_000062.png
warehouse,val,000103,dataset/drivable/images/val/warehouse_000103.png,dataset/drivable/masks/val/warehouse_000103.png
warehouse,val,000056,dataset/drivable/images/val/warehouse_000056.png,dataset/drivable/masks/val/warehouse_000056.png
warehouse,val,000075,dataset/drivable/images/val/warehouse_000075.png,dataset/drivable/masks/val/warehouse_000075.png
warehouse,val,000023,dataset/drivable/images/val/warehouse_000023.png,dataset/drivable/masks/val/warehouse_000023.png
warehouse,val,000004,dataset/drivable/images/val/warehouse_000004.png,dataset/drivable/masks/val/warehouse_000004.png
warehouse,val,000114,dataset/drivable/images/val/warehouse_000114.png,dataset/drivable/masks/val/warehouse_000114.png
warehouse,val,000180,dataset/drivable/images/val/warehouse_000180.png,dataset/drivable/masks/val/warehouse_000180.png
warehouse,val,000165,dataset/drivable/images/val/warehouse_000165.png,dataset/drivable/masks/val/warehouse_000165.png
warehouse,val,000121,dataset/drivable/images/val/warehouse_000121.png,dataset/drivable/masks/val/warehouse_000121.png
warehouse,val,000176,dataset/drivable/images/val/warehouse_000176.png,dataset/drivable/masks/val/warehouse_000176.png
warehouse,val,000182,dataset/drivable/images/val/warehouse_000182.png,dataset/drivable/masks/val/warehouse_000182.png
warehouse,val,000187,dataset/drivable/images/val/warehouse_000187.png,dataset/drivable/masks/val/warehouse_000187.png
warehouse,test,000125,dataset/drivable/images/test/warehouse_000125.png,dataset/drivable/masks/test/warehouse_000125.png
warehouse,test,000104,dataset/drivable/images/test/warehouse_000104.png,dataset/drivable/masks/test/warehouse_000104.png
warehouse,test,000061,dataset/drivable/images/test/warehouse_000061.png,dataset/drivable/masks/test/warehouse_000061.png
warehouse,test,000021,dataset/drivable/images/test/warehouse_000021.png,dataset/drivable/masks/test/warehouse_000021.png
warehouse,test,000048,dataset/drivable/images/test/warehouse_000048.png,dataset/drivable/masks/test/warehouse_000048.png
warehouse,test,000132,dataset/drivable/images/test/warehouse_000132.png,dataset/drivable/masks/test/warehouse_000132.png
warehouse,test,000002,dataset/drivable/images/test/warehouse_000002.png,dataset/drivable/masks/test/warehouse_000002.png
warehouse,test,000142,dataset/drivable/images/test/warehouse_000142.png,dataset/drivable/masks/test/warehouse_000142.png
warehouse,test,000070,dataset/drivable/images/test/warehouse_000070.png,dataset/drivable/masks/test/warehouse_000070.png
warehouse,test,000179,dataset/drivable/images/test/warehouse_000179.png,dataset/drivable/masks/test/warehouse_000179.png
warehouse,test,000152,dataset/drivable/images/test/warehouse_000152.png,dataset/drivable/masks/test/warehouse_000152.png
warehouse,test,000071,dataset/drivable/images/test/warehouse_000071.png,dataset/drivable/masks/test/warehouse_000071.png
warehouse,test,000087,dataset/drivable/images/test/warehouse_000087.png,dataset/drivable/masks/test/warehouse_000087.png
warehouse,test,000066,dataset/drivable/images/test/warehouse_000066.png,dataset/drivable/masks/test/warehouse_000066.png
warehouse,test,000090,dataset/drivable/images/test/warehouse_000090.png,dataset/drivable/masks/test/warehouse_000090.png
warehouse,test,000054,dataset/drivable/images/test/warehouse_000054.png,dataset/drivable/masks/test/warehouse_000054.png
warehouse,test,000124,dataset/drivable/images/test/warehouse_000124.png,dataset/drivable/masks/test/warehouse_000124.png
warehouse,test,000046,dataset/drivable/images/test/warehouse_000046.png,dataset/drivable/masks/test/warehouse_000046.png
warehouse,test,000083,dataset/drivable/images/test/warehouse_000083.png,dataset/drivable/masks/test/warehouse_000083.png
warehouse,test,000126,dataset/drivable/images/test/warehouse_000126.png,dataset/drivable/masks/test/warehouse_000126.png
real_room,train,000381,dataset/drivable/images/train/real_room_000381.png,dataset/drivable/masks/train/real_room_000381.png
real_room,train,000497,dataset/drivable/images/train/real_room_000497.png,dataset/drivable/masks/train/real_room_000497.png
real_room,train,000256,dataset/drivable/images/train/real_room_000256.png,dataset/drivable/masks/train/real_room_000256.png
real_room,train,000458,dataset/drivable/images/train/real_room_000458.png,dataset/drivable/masks/train/real_room_000458.png
real_room,train,000110,dataset/drivable/images/train/real_room_000110.png,dataset/drivable/masks/train/real_room_000110.png
real_room,train,000052,dataset/drivable/images/train/real_room_000052.png,dataset/drivable/masks/train/real_room_000052.png
real_room,train,000400,dataset/drivable/images/train/real_room_000400.png,dataset/drivable/masks/train/real_room_000400.png
real_room,train,000063,dataset/drivable/images/train/real_room_000063.png,dataset/drivable/masks/train/real_room_000063.png
real_room,train,000417,dataset/drivable/images/train/real_room_000417.png,dataset/drivable/masks/train/real_room_000417.png
real_room,train,000066,dataset/drivable/images/train/real_room_000066.png,dataset/drivable/masks/train/real_room_000066.png
real_room,train,000111,dataset/drivable/images/train/real_room_000111.png,dataset/drivable/masks/train/real_room_000111.png
real_room,train,000061,dataset/drivable/images/train/real_room_000061.png,dataset/drivable/masks/train/real_room_000061.png
real_room,train,000375,dataset/drivable/images/train/real_room_000375.png,dataset/drivable/masks/train/real_room_000375.png
real_room,train,000243,dataset/drivable/images/train/real_room_000243.png,dataset/drivable/masks/train/real_room_000243.png
real_room,train,000291,dataset/drivable/images/train/real_room_000291.png,dataset/drivable/masks/train/real_room_000291.png
real_room,train,000288,dataset/drivable/images/train/real_room_000288.png,dataset/drivable/masks/train/real_room_000288.png
real_room,train,000043,dataset/drivable/images/train/real_room_000043.png,dataset/drivable/masks/train/real_room_000043.png
real_room,train,000013,dataset/drivable/images/train/real_room_000013.png,dataset/drivable/masks/train/real_room_000013.png
real_room,train,000021,dataset/drivable/images/train/real_room_000021.png,dataset/drivable/masks/train/real_room_000021.png
real_room,train,000452,dataset/drivable/images/train/real_room_000452.png,dataset/drivable/masks/train/real_room_000452.png
real_room,train,000397,dataset/drivable/images/train/real_room_000397.png,dataset/drivable/masks/train/real_room_000397.png
real_room,train,000171,dataset/drivable/images/train/real_room_000171.png,dataset/drivable/masks/train/real_room_000171.png
real_room,train,000310,dataset/drivable/images/train/real_room_000310.png,dataset/drivable/masks/train/real_room_000310.png
real_room,train,000359,dataset/drivable/images/train/real_room_000359.png,dataset/drivable/masks/train/real_room_000359.png
real_room,train,000216,dataset/drivable/images/train/real_room_000216.png,dataset/drivable/masks/train/real_room_000216.png
real_room,train,000180,dataset/drivable/images/train/real_room_000180.png,dataset/drivable/masks/train/real_room_000180.png
real_room,train,000017,dataset/drivable/images/train/real_room_000017.png,dataset/drivable/masks/train/real_room_000017.png
real_room,train,000218,dataset/drivable/images/train/real_room_000218.png,dataset/drivable/masks/train/real_room_000218.png
real_room,train,000459,dataset/drivable/images/train/real_room_000459.png,dataset/drivable/masks/train/real_room_000459.png
real_room,train,000362,dataset/drivable/images/train/real_room_000362.png,dataset/drivable/masks/train/real_room_000362.png
real_room,train,000407,dataset/drivable/images/train/real_room_000407.png,dataset/drivable/masks/train/real_room_000407.png
real_room,train,000229,dataset/drivable/images/train/real_room_000229.png,dataset/drivable/masks/train/real_room_000229.png
real_room,train,000186,dataset/drivable/images/train/real_room_000186.png,dataset/drivable/masks/train/real_room_000186.png
real_room,train,000376,dataset/drivable/images/train/real_room_000376.png,dataset/drivable/masks/train/real_room_000376.png
real_room,train,000498,dataset/drivable/images/train/real_room_000498.png,dataset/drivable/masks/train/real_room_000498.png
real_room,train,000005,dataset/drivable/images/train/real_room_000005.png,dataset/drivable/masks/train/real_room_000005.png
real_room,train,000365,dataset/drivable/images/train/real_room_000365.png,dataset/drivable/masks/train/real_room_000365.png
real_room,train,000461,dataset/drivable/images/train/real_room_000461.png,dataset/drivable/masks/train/real_room_000461.png
real_room,train,000098,dataset/drivable/images/train/real_room_000098.png,dataset/drivable/masks/train/real_room_000098.png
real_room,train,000441,dataset/drivable/images/train/real_room_000441.png,dataset/drivable/masks/train/real_room_000441.png
real_room,train,000234,dataset/drivable/images/train/real_room_000234.png,dataset/drivable/masks/train/real_room_000234.png
real_room,train,000350,dataset/drivable/images/train/real_room_000350.png,dataset/drivable/masks/train/real_room_000350.png
real_room,train,000330,dataset/drivable/images/train/real_room_000330.png,dataset/drivable/masks/train/real_room_000330.png
real_room,train,000367,dataset/drivable/images/train/real_room_000367.png,dataset/drivable/masks/train/real_room_000367.png
real_room,train,000091,dataset/drivable/images/train/real_room_000091.png,dataset/drivable/masks/train/real_room_000091.png
real_room,train,000401,dataset/drivable/images/train/real_room_000401.png,dataset/drivable/masks/train/real_room_000401.png
real_room,train,000358,dataset/drivable/images/train/real_room_000358.png,dataset/drivable/masks/train/real_room_000358.png
real_room,train,000348,dataset/drivable/images/train/real_room_000348.png,dataset/drivable/masks/train/real_room_000348.png
real_room,train,000103,dataset/drivable/images/train/real_room_000103.png,dataset/drivable/masks/train/real_room_000103.png
real_room,train,000088,dataset/drivable/images/train/real_room_000088.png,dataset/drivable/masks/train/real_room_000088.png
real_room,train,000114,dataset/drivable/images/train/real_room_000114.png,dataset/drivable/masks/train/real_room_000114.png
real_room,train,000192,dataset/drivable/images/train/real_room_000192.png,dataset/drivable/masks/train/real_room_000192.png
real_room,train,000132,dataset/drivable/images/train/real_room_000132.png,dataset/drivable/masks/train/real_room_000132.png
real_room,train,000346,dataset/drivable/images/train/real_room_000346.png,dataset/drivable/masks/train/real_room_000346.png
real_room,train,000307,dataset/drivable/images/train/real_room_000307.png,dataset/drivable/masks/train/real_room_000307.png
real_room,train,000270,dataset/drivable/images/train/real_room_000270.png,dataset/drivable/masks/train/real_room_000270.png
real_room,train,000425,dataset/drivable/images/train/real_room_000425.png,dataset/drivable/masks/train/real_room_000425.png
real_room,train,000068,dataset/drivable/images/train/real_room_000068.png,dataset/drivable/masks/train/real_room_000068.png
real_room,train,000274,dataset/drivable/images/train/real_room_000274.png,dataset/drivable/masks/train/real_room_000274.png
real_room,train,000370,dataset/drivable/images/train/real_room_000370.png,dataset/drivable/masks/train/real_room_000370.png
real_room,train,000179,dataset/drivable/images/train/real_room_000179.png,dataset/drivable/masks/train/real_room_000179.png
real_room,train,000049,dataset/drivable/images/train/real_room_000049.png,dataset/drivable/masks/train/real_room_000049.png
real_room,train,000301,dataset/drivable/images/train/real_room_000301.png,dataset/drivable/masks/train/real_room_000301.png
real_room,train,000145,dataset/drivable/images/train/real_room_000145.png,dataset/drivable/masks/train/real_room_000145.png
real_room,train,000279,dataset/drivable/images/train/real_room_000279.png,dataset/drivable/masks/train/real_room_000279.png
real_room,train,000406,dataset/drivable/images/train/real_room_000406.png,dataset/drivable/masks/train/real_room_000406.png
real_room,train,000475,dataset/drivable/images/train/real_room_000475.png,dataset/drivable/masks/train/real_room_000475.png
real_room,train,000245,dataset/drivable/images/train/real_room_000245.png,dataset/drivable/masks/train/real_room_000245.png
real_room,train,000100,dataset/drivable/images/train/real_room_000100.png,dataset/drivable/masks/train/real_room_000100.png
real_room,train,000200,dataset/drivable/images/train/real_room_000200.png,dataset/drivable/masks/train/real_room_000200.png
real_room,train,000215,dataset/drivable/images/train/real_room_000215.png,dataset/drivable/masks/train/real_room_000215.png
real_room,train,000480,dataset/drivable/images/train/real_room_000480.png,dataset/drivable/masks/train/real_room_000480.png
real_room,train,000485,dataset/drivable/images/train/real_room_000485.png,dataset/drivable/masks/train/real_room_000485.png
real_room,train,000134,dataset/drivable/images/train/real_room_000134.png,dataset/drivable/masks/train/real_room_000134.png
real_room,train,000385,dataset/drivable/images/train/real_room_000385.png,dataset/drivable/masks/train/real_room_000385.png
real_room,train,000380,dataset/drivable/images/train/real_room_000380.png,dataset/drivable/masks/train/real_room_000380.png
real_room,train,000133,dataset/drivable/images/train/real_room_000133.png,dataset/drivable/masks/train/real_room_000133.png
real_room,train,000177,dataset/drivable/images/train/real_room_000177.png,dataset/drivable/masks/train/real_room_000177.png
real_room,train,000304,dataset/drivable/images/train/real_room_000304.png,dataset/drivable/masks/train/real_room_000304.png
real_room,train,000354,dataset/drivable/images/train/real_room_000354.png,dataset/drivable/masks/train/real_room_000354.png
real_room,train,000032,dataset/drivable/images/train/real_room_000032.png,dataset/drivable/masks/train/real_room_000032.png
real_room,train,000188,dataset/drivable/images/train/real_room_000188.png,dataset/drivable/masks/train/real_room_000188.png
real_room,train,000341,dataset/drivable/images/train/real_room_000341.png,dataset/drivable/masks/train/real_room_000341.png
real_room,train,000448,dataset/drivable/images/train/real_room_000448.png,dataset/drivable/masks/train/real_room_000448.png
real_room,train,000244,dataset/drivable/images/train/real_room_000244.png,dataset/drivable/masks/train/real_room_000244.png
real_room,train,000450,dataset/drivable/images/train/real_room_000450.png,dataset/drivable/masks/train/real_room_000450.png
real_room,train,000102,dataset/drivable/images/train/real_room_000102.png,dataset/drivable/masks/train/real_room_000102.png
real_room,train,000317,dataset/drivable/images/train/real_room_000317.png,dataset/drivable/masks/train/real_room_000317.png
real_room,train,000181,dataset/drivable/images/train/real_room_000181.png,dataset/drivable/masks/train/real_room_000181.png
real_room,train,000276,dataset/drivable/images/train/real_room_000276.png,dataset/drivable/masks/train/real_room_000276.png
real_room,train,000396,dataset/drivable/images/train/real_room_000396.png,dataset/drivable/masks/train/real_room_000396.png
real_room,train,000440,dataset/drivable/images/train/real_room_000440.png,dataset/drivable/masks/train/real_room_000440.png
real_room,train,000167,dataset/drivable/images/train/real_room_000167.png,dataset/drivable/masks/train/real_room_000167.png
real_room,train,000070,dataset/drivable/images/train/real_room_000070.png,dataset/drivable/masks/train/real_room_000070.png
real_room,train,000131,dataset/drivable/images/train/real_room_000131.png,dataset/drivable/masks/train/real_room_000131.png
real_room,train,000434,dataset/drivable/images/train/real_room_000434.png,dataset/drivable/masks/train/real_room_000434.png
real_room,train,000072,dataset/drivable/images/train/real_room_000072.png,dataset/drivable/masks/train/real_room_000072.png
real_room,train,000157,dataset/drivable/images/train/real_room_000157.png,dataset/drivable/masks/train/real_room_000157.png
real_room,train,000486,dataset/drivable/images/train/real_room_000486.png,dataset/drivable/masks/train/real_room_000486.png
real_room,train,000423,dataset/drivable/images/train/real_room_000423.png,dataset/drivable/masks/train/real_room_000423.png
real_room,train,000428,dataset/drivable/images/train/real_room_000428.png,dataset/drivable/masks/train/real_room_000428.png
real_room,train,000285,dataset/drivable/images/train/real_room_000285.png,dataset/drivable/masks/train/real_room_000285.png
real_room,train,000372,dataset/drivable/images/train/real_room_000372.png,dataset/drivable/masks/train/real_room_000372.png
real_room,train,000418,dataset/drivable/images/train/real_room_000418.png,dataset/drivable/masks/train/real_room_000418.png
real_room,train,000117,dataset/drivable/images/train/real_room_000117.png,dataset/drivable/masks/train/real_room_000117.png
real_room,train,000342,dataset/drivable/images/train/real_room_000342.png,dataset/drivable/masks/train/real_room_000342.png
real_room,train,000084,dataset/drivable/images/train/real_room_000084.png,dataset/drivable/masks/train/real_room_000084.png
real_room,train,000258,dataset/drivable/images/train/real_room_000258.png,dataset/drivable/masks/train/real_room_000258.png
real_room,train,000237,dataset/drivable/images/train/real_room_000237.png,dataset/drivable/masks/train/real_room_000237.png
real_room,train,000105,dataset/drivable/images/train/real_room_000105.png,dataset/drivable/masks/train/real_room_000105.png
real_room,train,000108,dataset/drivable/images/train/real_room_000108.png,dataset/drivable/masks/train/real_room_000108.png
real_room,train,000015,dataset/drivable/images/train/real_room_000015.png,dataset/drivable/masks/train/real_room_000015.png
real_room,train,000146,dataset/drivable/images/train/real_room_000146.png,dataset/drivable/masks/train/real_room_000146.png
real_room,train,000377,dataset/drivable/images/train/real_room_000377.png,dataset/drivable/masks/train/real_room_000377.png
real_room,train,000309,dataset/drivable/images/train/real_room_000309.png,dataset/drivable/masks/train/real_room_000309.png
real_room,train,000335,dataset/drivable/images/train/real_room_000335.png,dataset/drivable/masks/train/real_room_000335.png
real_room,train,000460,dataset/drivable/images/train/real_room_000460.png,dataset/drivable/masks/train/real_room_000460.png
real_room,train,000473,dataset/drivable/images/train/real_room_000473.png,dataset/drivable/masks/train/real_room_000473.png
real_room,train,000411,dataset/drivable/images/train/real_room_000411.png,dataset/drivable/masks/train/real_room_000411.png
real_room,train,000261,dataset/drivable/images/train/real_room_000261.png,dataset/drivable/masks/train/real_room_000261.png
real_room,train,000412,dataset/drivable/images/train/real_room_000412.png,dataset/drivable/masks/train/real_room_000412.png
real_room,train,000290,dataset/drivable/images/train/real_room_000290.png,dataset/drivable/masks/train/real_room_000290.png
real_room,train,000426,dataset/drivable/images/train/real_room_000426.png,dataset/drivable/masks/train/real_room_000426.png
real_room,train,000451,dataset/drivable/images/train/real_room_000451.png,dataset/drivable/masks/train/real_room_000451.png
real_room,train,000109,dataset/drivable/images/train/real_room_000109.png,dataset/drivable/masks/train/real_room_000109.png
real_room,train,000030,dataset/drivable/images/train/real_room_000030.png,dataset/drivable/masks/train/real_room_000030.png
real_room,train,000262,dataset/drivable/images/train/real_room_000262.png,dataset/drivable/masks/train/real_room_000262.png
real_room,train,000349,dataset/drivable/images/train/real_room_000349.png,dataset/drivable/masks/train/real_room_000349.png
real_room,train,000113,dataset/drivable/images/train/real_room_000113.png,dataset/drivable/masks/train/real_room_000113.png
real_room,train,000055,dataset/drivable/images/train/real_room_000055.png,dataset/drivable/masks/train/real_room_000055.png
real_room,train,000405,dataset/drivable/images/train/real_room_000405.png,dataset/drivable/masks/train/real_room_000405.png
real_room,train,000384,dataset/drivable/images/train/real_room_000384.png,dataset/drivable/masks/train/real_room_000384.png
real_room,train,000071,dataset/drivable/images/train/real_room_000071.png,dataset/drivable/masks/train/real_room_000071.png
real_room,train,000267,dataset/drivable/images/train/real_room_000267.png,dataset/drivable/masks/train/real_room_000267.png
real_room,train,000499,dataset/drivable/images/train/real_room_000499.png,dataset/drivable/masks/train/real_room_000499.png
real_room,train,000025,dataset/drivable/images/train/real_room_000025.png,dataset/drivable/masks/train/real_room_000025.png
real_room,train,000326,dataset/drivable/images/train/real_room_000326.png,dataset/drivable/masks/train/real_room_000326.png
real_room,train,000039,dataset/drivable/images/train/real_room_000039.png,dataset/drivable/masks/train/real_room_000039.png
real_room,train,000107,dataset/drivable/images/train/real_room_000107.png,dataset/drivable/masks/train/real_room_000107.png
real_room,train,000373,dataset/drivable/images/train/real_room_000373.png,dataset/drivable/masks/train/real_room_000373.png
real_room,train,000435,dataset/drivable/images/train/real_room_000435.png,dataset/drivable/masks/train/real_room_000435.png
real_room,train,000323,dataset/drivable/images/train/real_room_000323.png,dataset/drivable/masks/train/real_room_000323.png
real_room,train,000099,dataset/drivable/images/train/real_room_000099.png,dataset/drivable/masks/train/real_room_000099.png
real_room,train,000034,dataset/drivable/images/train/real_room_000034.png,dataset/drivable/masks/train/real_room_000034.png
real_room,train,000483,dataset/drivable/images/train/real_room_000483.png,dataset/drivable/masks/train/real_room_000483.png
real_room,train,000408,dataset/drivable/images/train/real_room_000408.png,dataset/drivable/masks/train/real_room_000408.png
real_room,train,000219,dataset/drivable/images/train/real_room_000219.png,dataset/drivable/masks/train/real_room_000219.png
real_room,train,000294,dataset/drivable/images/train/real_room_000294.png,dataset/drivable/masks/train/real_room_000294.png
real_room,train,000126,dataset/drivable/images/train/real_room_000126.png,dataset/drivable/masks/train/real_room_000126.png
real_room,train,000404,dataset/drivable/images/train/real_room_000404.png,dataset/drivable/masks/train/real_room_000404.png
real_room,train,000009,dataset/drivable/images/train/real_room_000009.png,dataset/drivable/masks/train/real_room_000009.png
real_room,train,000476,dataset/drivable/images/train/real_room_000476.png,dataset/drivable/masks/train/real_room_000476.png
real_room,train,000252,dataset/drivable/images/train/real_room_000252.png,dataset/drivable/masks/train/real_room_000252.png
real_room,train,000189,dataset/drivable/images/train/real_room_000189.png,dataset/drivable/masks/train/real_room_000189.png
real_room,train,000433,dataset/drivable/images/train/real_room_000433.png,dataset/drivable/masks/train/real_room_000433.png
real_room,train,000347,dataset/drivable/images/train/real_room_000347.png,dataset/drivable/masks/train/real_room_000347.png
real_room,train,000283,dataset/drivable/images/train/real_room_000283.png,dataset/drivable/masks/train/real_room_000283.png
real_room,train,000016,dataset/drivable/images/train/real_room_000016.png,dataset/drivable/masks/train/real_room_000016.png
real_room,train,000264,dataset/drivable/images/train/real_room_000264.png,dataset/drivable/masks/train/real_room_000264.png
real_room,train,000156,dataset/drivable/images/train/real_room_000156.png,dataset/drivable/masks/train/real_room_000156.png
real_room,train,000280,dataset/drivable/images/train/real_room_000280.png,dataset/drivable/masks/train/real_room_000280.png
real_room,train,000143,dataset/drivable/images/train/real_room_000143.png,dataset/drivable/masks/train/real_room_000143.png
real_room,train,000230,dataset/drivable/images/train/real_room_000230.png,dataset/drivable/masks/train/real_room_000230.png
real_room,train,000006,dataset/drivable/images/train/real_room_000006.png,dataset/drivable/masks/train/real_room_000006.png
real_room,train,000314,dataset/drivable/images/train/real_room_000314.png,dataset/drivable/masks/train/real_room_000314.png
real_room,train,000456,dataset/drivable/images/train/real_room_000456.png,dataset/drivable/masks/train/real_room_000456.png
real_room,train,000444,dataset/drivable/images/train/real_room_000444.png,dataset/drivable/masks/train/real_room_000444.png
real_room,train,000095,dataset/drivable/images/train/real_room_000095.png,dataset/drivable/masks/train/real_room_000095.png
real_room,train,000163,dataset/drivable/images/train/real_room_000163.png,dataset/drivable/masks/train/real_room_000163.png
real_room,train,000391,dataset/drivable/images/train/real_room_000391.png,dataset/drivable/masks/train/real_room_000391.png
real_room,train,000403,dataset/drivable/images/train/real_room_000403.png,dataset/drivable/masks/train/real_room_000403.png
real_room,train,000272,dataset/drivable/images/train/real_room_000272.png,dataset/drivable/masks/train/real_room_000272.png
real_room,train,000094,dataset/drivable/images/train/real_room_000094.png,dataset/drivable/masks/train/real_room_000094.png
real_room,train,000312,dataset/drivable/images/train/real_room_000312.png,dataset/drivable/masks/train/real_room_000312.png
real_room,train,000031,dataset/drivable/images/train/real_room_000031.png,dataset/drivable/masks/train/real_room_000031.png
real_room,train,000137,dataset/drivable/images/train/real_room_000137.png,dataset/drivable/masks/train/real_room_000137.png
real_room,train,000430,dataset/drivable/images/train/real_room_000430.png,dataset/drivable/masks/train/real_room_000430.png
real_room,train,000003,dataset/drivable/images/train/real_room_000003.png,dataset/drivable/masks/train/real_room_000003.png
real_room,train,000182,dataset/drivable/images/train/real_room_000182.png,dataset/drivable/masks/train/real_room_000182.png
real_room,train,000207,dataset/drivable/images/train/real_room_000207.png,dataset/drivable/masks/train/real_room_000207.png
real_room,train,000239,dataset/drivable/images/train/real_room_000239.png,dataset/drivable/masks/train/real_room_000239.png
real_room,train,000489,dataset/drivable/images/train/real_room_000489.png,dataset/drivable/masks/train/real_room_000489.png
real_room,train,000266,dataset/drivable/images/train/real_room_000266.png,dataset/drivable/masks/train/real_room_000266.png
real_room,train,000172,dataset/drivable/images/train/real_room_000172.png,dataset/drivable/masks/train/real_room_000172.png
real_room,train,000378,dataset/drivable/images/train/real_room_000378.png,dataset/drivable/masks/train/real_room_000378.png
real_room,train,000057,dataset/drivable/images/train/real_room_000057.png,dataset/drivable/masks/train/real_room_000057.png
real_room,train,000036,dataset/drivable/images/train/real_room_000036.png,dataset/drivable/masks/train/real_room_000036.png
real_room,train,000019,dataset/drivable/images/train/real_room_000019.png,dataset/drivable/masks/train/real_room_000019.png
real_room,train,000356,dataset/drivable/images/train/real_room_000356.png,dataset/drivable/masks/train/real_room_000356.png
real_room,train,000029,dataset/drivable/images/train/real_room_000029.png,dataset/drivable/masks/train/real_room_000029.png
real_room,train,000086,dataset/drivable/images/train/real_room_000086.png,dataset/drivable/masks/train/real_room_000086.png
real_room,train,000454,dataset/drivable/images/train/real_room_000454.png,dataset/drivable/masks/train/real_room_000454.png
real_room,train,000286,dataset/drivable/images/train/real_room_000286.png,dataset/drivable/masks/train/real_room_000286.png
real_room,train,000065,dataset/drivable/images/train/real_room_000065.png,dataset/drivable/masks/train/real_room_000065.png
real_room,train,000042,dataset/drivable/images/train/real_room_000042.png,dataset/drivable/masks/train/real_room_000042.png
real_room,train,000474,dataset/drivable/images/train/real_room_000474.png,dataset/drivable/masks/train/real_room_000474.png
real_room,train,000374,dataset/drivable/images/train/real_room_000374.png,dataset/drivable/masks/train/real_room_000374.png
real_room,train,000329,dataset/drivable/images/train/real_room_000329.png,dataset/drivable/masks/train/real_room_000329.png
real_room,train,000293,dataset/drivable/images/train/real_room_000293.png,dataset/drivable/masks/train/real_room_000293.png
real_room,train,000138,dataset/drivable/images/train/real_room_000138.png,dataset/drivable/masks/train/real_room_000138.png
real_room,train,000413,dataset/drivable/images/train/real_room_000413.png,dataset/drivable/masks/train/real_room_000413.png
real_room,train,000308,dataset/drivable/images/train/real_room_000308.png,dataset/drivable/masks/train/real_room_000308.png
real_room,train,000044,dataset/drivable/images/train/real_room_000044.png,dataset/drivable/masks/train/real_room_000044.png
real_room,train,000106,dataset/drivable/images/train/real_room_000106.png,dataset/drivable/masks/train/real_room_000106.png
real_room,train,000298,dataset/drivable/images/train/real_room_000298.png,dataset/drivable/masks/train/real_room_000298.png
real_room,train,000083,dataset/drivable/images/train/real_room_000083.png,dataset/drivable/masks/train/real_room_000083.png
real_room,train,000075,dataset/drivable/images/train/real_room_000075.png,dataset/drivable/masks/train/real_room_000075.png
real_room,train,000303,dataset/drivable/images/train/real_room_000303.png,dataset/drivable/masks/train/real_room_000303.png
real_room,train,000033,dataset/drivable/images/train/real_room_000033.png,dataset/drivable/masks/train/real_room_000033.png
real_room,train,000187,dataset/drivable/images/train/real_room_000187.png,dataset/drivable/masks/train/real_room_000187.png
real_room,train,000093,dataset/drivable/images/train/real_room_000093.png,dataset/drivable/masks/train/real_room_000093.png
real_room,train,000148,dataset/drivable/images/train/real_room_000148.png,dataset/drivable/masks/train/real_room_000148.png
real_room,train,000008,dataset/drivable/images/train/real_room_000008.png,dataset/drivable/masks/train/real_room_000008.png
real_room,train,000112,dataset/drivable/images/train/real_room_000112.png,dataset/drivable/masks/train/real_room_000112.png
real_room,train,000201,dataset/drivable/images/train/real_room_000201.png,dataset/drivable/masks/train/real_room_000201.png
real_room,train,000332,dataset/drivable/images/train/real_room_000332.png,dataset/drivable/masks/train/real_room_000332.png
real_room,train,000010,dataset/drivable/images/train/real_room_000010.png,dataset/drivable/masks/train/real_room_000010.png
real_room,train,000457,dataset/drivable/images/train/real_room_000457.png,dataset/drivable/masks/train/real_room_000457.png
real_room,train,000297,dataset/drivable/images/train/real_room_000297.png,dataset/drivable/masks/train/real_room_000297.png
real_room,train,000024,dataset/drivable/images/train/real_room_000024.png,dataset/drivable/masks/train/real_room_000024.png
real_room,train,000160,dataset/drivable/images/train/real_room_000160.png,dataset/drivable/masks/train/real_room_000160.png
real_room,train,000315,dataset/drivable/images/train/real_room_000315.png,dataset/drivable/masks/train/real_room_000315.png
real_room,train,000214,dataset/drivable/images/train/real_room_000214.png,dataset/drivable/masks/train/real_room_000214.png
real_room,train,000383,dataset/drivable/images/train/real_room_000383.png,dataset/drivable/masks/train/real_room_000383.png
real_room,train,000324,dataset/drivable/images/train/real_room_000324.png,dataset/drivable/masks/train/real_room_000324.png
real_room,train,000453,dataset/drivable/images/train/real_room_000453.png,dataset/drivable/masks/train/real_room_000453.png
real_room,train,000184,dataset/drivable/images/train/real_room_000184.png,dataset/drivable/masks/train/real_room_000184.png
real_room,train,000364,dataset/drivable/images/train/real_room_000364.png,dataset/drivable/masks/train/real_room_000364.png
real_room,train,000328,dataset/drivable/images/train/real_room_000328.png,dataset/drivable/masks/train/real_room_000328.png
real_room,train,000344,dataset/drivable/images/train/real_room_000344.png,dataset/drivable/masks/train/real_room_000344.png
real_room,train,000158,dataset/drivable/images/train/real_room_000158.png,dataset/drivable/masks/train/real_room_000158.png
real_room,train,000048,dataset/drivable/images/train/real_room_000048.png,dataset/drivable/masks/train/real_room_000048.png
real_room,train,000321,dataset/drivable/images/train/real_room_000321.png,dataset/drivable/masks/train/real_room_000321.png
real_room,train,000056,dataset/drivable/images/train/real_room_000056.png,dataset/drivable/masks/train/real_room_000056.png
real_room,train,000090,dataset/drivable/images/train/real_room_000090.png,dataset/drivable/masks/train/real_room_000090.png
real_room,train,000466,dataset/drivable/images/train/real_room_000466.png,dataset/drivable/masks/train/real_room_000466.png
real_room,train,000246,dataset/drivable/images/train/real_room_000246.png,dataset/drivable/masks/train/real_room_000246.png
real_room,train,000410,dataset/drivable/images/train/real_room_000410.png,dataset/drivable/masks/train/real_room_000410.png
real_room,train,000204,dataset/drivable/images/train/real_room_000204.png,dataset/drivable/masks/train/real_room_000204.png
real_room,train,000198,dataset/drivable/images/train/real_room_000198.png,dataset/drivable/masks/train/real_room_000198.png
real_room,train,000284,dataset/drivable/images/train/real_room_000284.png,dataset/drivable/masks/train/real_room_000284.png
real_room,train,000352,dataset/drivable/images/train/real_room_000352.png,dataset/drivable/masks/train/real_room_000352.png
real_room,train,000231,dataset/drivable/images/train/real_room_000231.png,dataset/drivable/masks/train/real_room_000231.png
real_room,train,000213,dataset/drivable/images/train/real_room_000213.png,dataset/drivable/masks/train/real_room_000213.png
real_room,train,000127,dataset/drivable/images/train/real_room_000127.png,dataset/drivable/masks/train/real_room_000127.png
real_room,train,000327,dataset/drivable/images/train/real_room_000327.png,dataset/drivable/masks/train/real_room_000327.png
real_room,train,000155,dataset/drivable/images/train/real_room_000155.png,dataset/drivable/masks/train/real_room_000155.png
real_room,train,000268,dataset/drivable/images/train/real_room_000268.png,dataset/drivable/masks/train/real_room_000268.png
real_room,train,000012,dataset/drivable/images/train/real_room_000012.png,dataset/drivable/masks/train/real_room_000012.png
real_room,train,000190,dataset/drivable/images/train/real_room_000190.png,dataset/drivable/masks/train/real_room_000190.png
real_room,train,000199,dataset/drivable/images/train/real_room_000199.png,dataset/drivable/masks/train/real_room_000199.png
real_room,train,000175,dataset/drivable/images/train/real_room_000175.png,dataset/drivable/masks/train/real_room_000175.png
real_room,train,000221,dataset/drivable/images/train/real_room_000221.png,dataset/drivable/masks/train/real_room_000221.png
real_room,train,000379,dataset/drivable/images/train/real_room_000379.png,dataset/drivable/masks/train/real_room_000379.png
real_room,train,000002,dataset/drivable/images/train/real_room_000002.png,dataset/drivable/masks/train/real_room_000002.png
real_room,train,000140,dataset/drivable/images/train/real_room_000140.png,dataset/drivable/masks/train/real_room_000140.png
real_room,train,000202,dataset/drivable/images/train/real_room_000202.png,dataset/drivable/masks/train/real_room_000202.png
real_room,train,000011,dataset/drivable/images/train/real_room_000011.png,dataset/drivable/masks/train/real_room_000011.png
real_room,train,000388,dataset/drivable/images/train/real_room_000388.png,dataset/drivable/masks/train/real_room_000388.png
real_room,train,000151,dataset/drivable/images/train/real_room_000151.png,dataset/drivable/masks/train/real_room_000151.png
real_room,train,000487,dataset/drivable/images/train/real_room_000487.png,dataset/drivable/masks/train/real_room_000487.png
real_room,train,000287,dataset/drivable/images/train/real_room_000287.png,dataset/drivable/masks/train/real_room_000287.png
real_room,train,000121,dataset/drivable/images/train/real_room_000121.png,dataset/drivable/masks/train/real_room_000121.png
real_room,train,000054,dataset/drivable/images/train/real_room_000054.png,dataset/drivable/masks/train/real_room_000054.png
real_room,train,000369,dataset/drivable/images/train/real_room_000369.png,dataset/drivable/masks/train/real_room_000369.png
real_room,train,000360,dataset/drivable/images/train/real_room_000360.png,dataset/drivable/masks/train/real_room_000360.png
real_room,train,000101,dataset/drivable/images/train/real_room_000101.png,dataset/drivable/masks/train/real_room_000101.png
real_room,train,000154,dataset/drivable/images/train/real_room_000154.png,dataset/drivable/masks/train/real_room_000154.png
real_room,train,000449,dataset/drivable/images/train/real_room_000449.png,dataset/drivable/masks/train/real_room_000449.png
real_room,train,000128,dataset/drivable/images/train/real_room_000128.png,dataset/drivable/masks/train/real_room_000128.png
real_room,train,000217,dataset/drivable/images/train/real_room_000217.png,dataset/drivable/masks/train/real_room_000217.png
real_room,train,000305,dataset/drivable/images/train/real_room_000305.png,dataset/drivable/masks/train/real_room_000305.png
real_room,train,000368,dataset/drivable/images/train/real_room_000368.png,dataset/drivable/masks/train/real_room_000368.png
real_room,train,000436,dataset/drivable/images/train/real_room_000436.png,dataset/drivable/masks/train/real_room_000436.png
real_room,train,000037,dataset/drivable/images/train/real_room_000037.png,dataset/drivable/masks/train/real_room_000037.png
real_room,train,000080,dataset/drivable/images/train/real_room_000080.png,dataset/drivable/masks/train/real_room_000080.png
real_room,train,000313,dataset/drivable/images/train/real_room_000313.png,dataset/drivable/masks/train/real_room_000313.png
real_room,train,000238,dataset/drivable/images/train/real_room_000238.png,dataset/drivable/masks/train/real_room_000238.png
real_room,train,000004,dataset/drivable/images/train/real_room_000004.png,dataset/drivable/masks/train/real_room_000004.png
real_room,train,000431,dataset/drivable/images/train/real_room_000431.png,dataset/drivable/masks/train/real_room_000431.png
real_room,train,000235,dataset/drivable/images/train/real_room_000235.png,dataset/drivable/masks/train/real_room_000235.png
real_room,train,000130,dataset/drivable/images/train/real_room_000130.png,dataset/drivable/masks/train/real_room_000130.png
real_room,train,000421,dataset/drivable/images/train/real_room_000421.png,dataset/drivable/masks/train/real_room_000421.png
real_room,train,000118,dataset/drivable/images/train/real_room_000118.png,dataset/drivable/masks/train/real_room_000118.png
real_room,train,000334,dataset/drivable/images/train/real_room_000334.png,dataset/drivable/masks/train/real_room_000334.png
real_room,train,000254,dataset/drivable/images/train/real_room_000254.png,dataset/drivable/masks/train/real_room_000254.png
real_room,train,000123,dataset/drivable/images/train/real_room_000123.png,dataset/drivable/masks/train/real_room_000123.png
real_room,train,000351,dataset/drivable/images/train/real_room_000351.png,dataset/drivable/masks/train/real_room_000351.png
real_room,train,000040,dataset/drivable/images/train/real_room_000040.png,dataset/drivable/masks/train/real_room_000040.png
real_room,train,000495,dataset/drivable/images/train/real_room_000495.png,dataset/drivable/masks/train/real_room_000495.png
real_room,train,000087,dataset/drivable/images/train/real_room_000087.png,dataset/drivable/masks/train/real_room_000087.png
real_room,train,000488,dataset/drivable/images/train/real_room_000488.png,dataset/drivable/masks/train/real_room_000488.png
real_room,train,000289,dataset/drivable/images/train/real_room_000289.png,dataset/drivable/masks/train/real_room_000289.png
real_room,train,000470,dataset/drivable/images/train/real_room_000470.png,dataset/drivable/masks/train/real_room_000470.png
real_room,train,000271,dataset/drivable/images/train/real_room_000271.png,dataset/drivable/masks/train/real_room_000271.png
real_room,train,000125,dataset/drivable/images/train/real_room_000125.png,dataset/drivable/masks/train/real_room_000125.png
real_room,train,000393,dataset/drivable/images/train/real_room_000393.png,dataset/drivable/masks/train/real_room_000393.png
real_room,train,000220,dataset/drivable/images/train/real_room_000220.png,dataset/drivable/masks/train/real_room_000220.png
real_room,train,000191,dataset/drivable/images/train/real_room_000191.png,dataset/drivable/masks/train/real_room_000191.png
real_room,train,000183,dataset/drivable/images/train/real_room_000183.png,dataset/drivable/masks/train/real_room_000183.png
real_room,train,000150,dataset/drivable/images/train/real_room_000150.png,dataset/drivable/masks/train/real_room_000150.png
real_room,train,000028,dataset/drivable/images/train/real_room_000028.png,dataset/drivable/masks/train/real_room_000028.png
real_room,train,000166,dataset/drivable/images/train/real_room_000166.png,dataset/drivable/masks/train/real_room_000166.png
real_room,train,000023,dataset/drivable/images/train/real_room_000023.png,dataset/drivable/masks/train/real_room_000023.png
real_room,train,000424,dataset/drivable/images/train/real_room_000424.png,dataset/drivable/masks/train/real_room_000424.png
real_room,train,000153,dataset/drivable/images/train/real_room_000153.png,dataset/drivable/masks/train/real_room_000153.png
real_room,train,000085,dataset/drivable/images/train/real_room_000085.png,dataset/drivable/masks/train/real_room_000085.png
real_room,train,000227,dataset/drivable/images/train/real_room_000227.png,dataset/drivable/masks/train/real_room_000227.png
real_room,train,000338,dataset/drivable/images/train/real_room_000338.png,dataset/drivable/masks/train/real_room_000338.png
real_room,train,000050,dataset/drivable/images/train/real_room_000050.png,dataset/drivable/masks/train/real_room_000050.png
real_room,train,000222,dataset/drivable/images/train/real_room_000222.png,dataset/drivable/masks/train/real_room_000222.png
real_room,train,000482,dataset/drivable/images/train/real_room_000482.png,dataset/drivable/masks/train/real_room_000482.png
real_room,train,000116,dataset/drivable/images/train/real_room_000116.png,dataset/drivable/masks/train/real_room_000116.png
real_room,train,000429,dataset/drivable/images/train/real_room_000429.png,dataset/drivable/masks/train/real_room_000429.png
real_room,train,000120,dataset/drivable/images/train/real_room_000120.png,dataset/drivable/masks/train/real_room_000120.png
real_room,train,000386,dataset/drivable/images/train/real_room_000386.png,dataset/drivable/masks/train/real_room_000386.png
real_room,train,000316,dataset/drivable/images/train/real_room_000316.png,dataset/drivable/masks/train/real_room_000316.png
real_room,train,000345,dataset/drivable/images/train/real_room_000345.png,dataset/drivable/masks/train/real_room_000345.png
real_room,train,000447,dataset/drivable/images/train/real_room_000447.png,dataset/drivable/masks/train/real_room_000447.png
real_room,train,000249,dataset/drivable/images/train/real_room_000249.png,dataset/drivable/masks/train/real_room_000249.png
real_room,train,000437,dataset/drivable/images/train/real_room_000437.png,dataset/drivable/masks/train/real_room_000437.png
real_room,train,000353,dataset/drivable/images/train/real_room_000353.png,dataset/drivable/masks/train/real_room_000353.png
real_room,train,000194,dataset/drivable/images/train/real_room_000194.png,dataset/drivable/masks/train/real_room_000194.png
real_room,train,000273,dataset/drivable/images/train/real_room_000273.png,dataset/drivable/masks/train/real_room_000273.png
real_room,train,000472,dataset/drivable/images/train/real_room_000472.png,dataset/drivable/masks/train/real_room_000472.png
real_room,train,000041,dataset/drivable/images/train/real_room_000041.png,dataset/drivable/masks/train/real_room_000041.png
real_room,train,000203,dataset/drivable/images/train/real_room_000203.png,dataset/drivable/masks/train/real_room_000203.png
real_room,train,000319,dataset/drivable/images/train/real_room_000319.png,dataset/drivable/masks/train/real_room_000319.png
real_room,train,000173,dataset/drivable/images/train/real_room_000173.png,dataset/drivable/masks/train/real_room_000173.png
real_room,train,000135,dataset/drivable/images/train/real_room_000135.png,dataset/drivable/masks/train/real_room_000135.png
real_room,train,000481,dataset/drivable/images/train/real_room_000481.png,dataset/drivable/masks/train/real_room_000481.png
real_room,train,000038,dataset/drivable/images/train/real_room_000038.png,dataset/drivable/masks/train/real_room_000038.png
real_room,train,000079,dataset/drivable/images/train/real_room_000079.png,dataset/drivable/masks/train/real_room_000079.png
real_room,train,000479,dataset/drivable/images/train/real_room_000479.png,dataset/drivable/masks/train/real_room_000479.png
real_room,train,000073,dataset/drivable/images/train/real_room_000073.png,dataset/drivable/masks/train/real_room_000073.png
real_room,train,000415,dataset/drivable/images/train/real_room_000415.png,dataset/drivable/masks/train/real_room_000415.png
real_room,train,000419,dataset/drivable/images/train/real_room_000419.png,dataset/drivable/masks/train/real_room_000419.png
real_room,train,000269,dataset/drivable/images/train/real_room_000269.png,dataset/drivable/masks/train/real_room_000269.png
real_room,train,000340,dataset/drivable/images/train/real_room_000340.png,dataset/drivable/masks/train/real_room_000340.png
real_room,train,000225,dataset/drivable/images/train/real_room_000225.png,dataset/drivable/masks/train/real_room_000225.png
real_room,train,000051,dataset/drivable/images/train/real_room_000051.png,dataset/drivable/masks/train/real_room_000051.png
real_room,train,000169,dataset/drivable/images/train/real_room_000169.png,dataset/drivable/masks/train/real_room_000169.png
real_room,train,000302,dataset/drivable/images/train/real_room_000302.png,dataset/drivable/masks/train/real_room_000302.png
real_room,train,000257,dataset/drivable/images/train/real_room_000257.png,dataset/drivable/masks/train/real_room_000257.png
real_room,train,000064,dataset/drivable/images/train/real_room_000064.png,dataset/drivable/masks/train/real_room_000064.png
real_room,train,000462,dataset/drivable/images/train/real_room_000462.png,dataset/drivable/masks/train/real_room_000462.png
real_room,train,000490,dataset/drivable/images/train/real_room_000490.png,dataset/drivable/masks/train/real_room_000490.png
real_room,train,000077,dataset/drivable/images/train/real_room_000077.png,dataset/drivable/masks/train/real_room_000077.png
real_room,train,000492,dataset/drivable/images/train/real_room_000492.png,dataset/drivable/masks/train/real_room_000492.png
real_room,train,000467,dataset/drivable/images/train/real_room_000467.png,dataset/drivable/masks/train/real_room_000467.png
real_room,train,000197,dataset/drivable/images/train/real_room_000197.png,dataset/drivable/masks/train/real_room_000197.png
real_room,train,000195,dataset/drivable/images/train/real_room_000195.png,dataset/drivable/masks/train/real_room_000195.png
real_room,train,000242,dataset/drivable/images/train/real_room_000242.png,dataset/drivable/masks/train/real_room_000242.png
real_room,train,000162,dataset/drivable/images/train/real_room_000162.png,dataset/drivable/masks/train/real_room_000162.png
real_room,train,000022,dataset/drivable/images/train/real_room_000022.png,dataset/drivable/masks/train/real_room_000022.png
real_room,train,000471,dataset/drivable/images/train/real_room_000471.png,dataset/drivable/masks/train/real_room_000471.png
real_room,train,000119,dataset/drivable/images/train/real_room_000119.png,dataset/drivable/masks/train/real_room_000119.png
real_room,train,000392,dataset/drivable/images/train/real_room_000392.png,dataset/drivable/masks/train/real_room_000392.png
real_room,train,000292,dataset/drivable/images/train/real_room_000292.png,dataset/drivable/masks/train/real_room_000292.png
real_room,train,000420,dataset/drivable/images/train/real_room_000420.png,dataset/drivable/masks/train/real_room_000420.png
real_room,train,000427,dataset/drivable/images/train/real_room_000427.png,dataset/drivable/masks/train/real_room_000427.png
real_room,train,000443,dataset/drivable/images/train/real_room_000443.png,dataset/drivable/masks/train/real_room_000443.png
real_room,train,000477,dataset/drivable/images/train/real_room_000477.png,dataset/drivable/masks/train/real_room_000477.png
real_room,train,000455,dataset/drivable/images/train/real_room_000455.png,dataset/drivable/masks/train/real_room_000455.png
real_room,train,000193,dataset/drivable/images/train/real_room_000193.png,dataset/drivable/masks/train/real_room_000193.png
real_room,train,000278,dataset/drivable/images/train/real_room_000278.png,dataset/drivable/masks/train/real_room_000278.png
real_room,train,000394,dataset/drivable/images/train/real_room_000394.png,dataset/drivable/masks/train/real_room_000394.png
real_room,train,000478,dataset/drivable/images/train/real_room_000478.png,dataset/drivable/masks/train/real_room_000478.png
real_room,train,000176,dataset/drivable/images/train/real_room_000176.png,dataset/drivable/masks/train/real_room_000176.png
real_room,train,000398,dataset/drivable/images/train/real_room_000398.png,dataset/drivable/masks/train/real_room_000398.png
real_room,train,000275,dataset/drivable/images/train/real_room_000275.png,dataset/drivable/masks/train/real_room_000275.png
real_room,train,000228,dataset/drivable/images/train/real_room_000228.png,dataset/drivable/masks/train/real_room_000228.png
real_room,train,000076,dataset/drivable/images/train/real_room_000076.png,dataset/drivable/masks/train/real_room_000076.png
real_room,train,000250,dataset/drivable/images/train/real_room_000250.png,dataset/drivable/masks/train/real_room_000250.png
real_room,train,000337,dataset/drivable/images/train/real_room_000337.png,dataset/drivable/masks/train/real_room_000337.png
real_room,train,000296,dataset/drivable/images/train/real_room_000296.png,dataset/drivable/masks/train/real_room_000296.png
real_room,train,000300,dataset/drivable/images/train/real_room_000300.png,dataset/drivable/masks/train/real_room_000300.png
real_room,train,000152,dataset/drivable/images/train/real_room_000152.png,dataset/drivable/masks/train/real_room_000152.png
real_room,train,000371,dataset/drivable/images/train/real_room_000371.png,dataset/drivable/masks/train/real_room_000371.png
real_room,train,000144,dataset/drivable/images/train/real_room_000144.png,dataset/drivable/masks/train/real_room_000144.png
real_room,train,000001,dataset/drivable/images/train/real_room_000001.png,dataset/drivable/masks/train/real_room_000001.png
real_room,train,000432,dataset/drivable/images/train/real_room_000432.png,dataset/drivable/masks/train/real_room_000432.png
real_room,train,000259,dataset/drivable/images/train/real_room_000259.png,dataset/drivable/masks/train/real_room_000259.png
real_room,train,000174,dataset/drivable/images/train/real_room_000174.png,dataset/drivable/masks/train/real_room_000174.png
real_room,train,000399,dataset/drivable/images/train/real_room_000399.png,dataset/drivable/masks/train/real_room_000399.png
real_room,train,000141,dataset/drivable/images/train/real_room_000141.png,dataset/drivable/masks/train/real_room_000141.png
real_room,train,000035,dataset/drivable/images/train/real_room_000035.png,dataset/drivable/masks/train/real_room_000035.png
real_room,train,000069,dataset/drivable/images/train/real_room_000069.png,dataset/drivable/masks/train/real_room_000069.png
real_room,train,000382,dataset/drivable/images/train/real_room_000382.png,dataset/drivable/masks/train/real_room_000382.png
real_room,train,000402,dataset/drivable/images/train/real_room_000402.png,dataset/drivable/masks/train/real_room_000402.png
real_room,train,000306,dataset/drivable/images/train/real_room_000306.png,dataset/drivable/masks/train/real_room_000306.png
real_room,train,000097,dataset/drivable/images/train/real_room_000097.png,dataset/drivable/masks/train/real_room_000097.png
real_room,train,000196,dataset/drivable/images/train/real_room_000196.png,dataset/drivable/masks/train/real_room_000196.png
real_room,train,000074,dataset/drivable/images/train/real_room_000074.png,dataset/drivable/masks/train/real_room_000074.png
real_room,train,000414,dataset/drivable/images/train/real_room_000414.png,dataset/drivable/masks/train/real_room_000414.png
real_room,train,000233,dataset/drivable/images/train/real_room_000233.png,dataset/drivable/masks/train/real_room_000233.png
real_room,train,000124,dataset/drivable/images/train/real_room_000124.png,dataset/drivable/masks/train/real_room_000124.png
real_room,train,000241,dataset/drivable/images/train/real_room_000241.png,dataset/drivable/masks/train/real_room_000241.png
real_room,train,000247,dataset/drivable/images/train/real_room_000247.png,dataset/drivable/masks/train/real_room_000247.png
real_room,train,000212,dataset/drivable/images/train/real_room_000212.png,dataset/drivable/masks/train/real_room_000212.png
real_room,val,000139,dataset/drivable/images/val/real_room_000139.png,dataset/drivable/masks/val/real_room_000139.png
real_room,val,000361,dataset/drivable/images/val/real_room_000361.png,dataset/drivable/masks/val/real_room_000361.png
real_room,val,000260,dataset/drivable/images/val/real_room_000260.png,dataset/drivable/masks/val/real_room_000260.png
real_room,val,000149,dataset/drivable/images/val/real_room_000149.png,dataset/drivable/masks/val/real_room_000149.png
real_room,val,000366,dataset/drivable/images/val/real_room_000366.png,dataset/drivable/masks/val/real_room_000366.png
real_room,val,000438,dataset/drivable/images/val/real_room_000438.png,dataset/drivable/masks/val/real_room_000438.png
real_room,val,000078,dataset/drivable/images/val/real_room_000078.png,dataset/drivable/masks/val/real_room_000078.png
real_room,val,000331,dataset/drivable/images/val/real_room_000331.png,dataset/drivable/masks/val/real_room_000331.png
real_room,val,000060,dataset/drivable/images/val/real_room_000060.png,dataset/drivable/masks/val/real_room_000060.png
real_room,val,000446,dataset/drivable/images/val/real_room_000446.png,dataset/drivable/masks/val/real_room_000446.png
real_room,val,000058,dataset/drivable/images/val/real_room_000058.png,dataset/drivable/masks/val/real_room_000058.png
real_room,val,000115,dataset/drivable/images/val/real_room_000115.png,dataset/drivable/masks/val/real_room_000115.png
real_room,val,000047,dataset/drivable/images/val/real_room_000047.png,dataset/drivable/masks/val/real_room_000047.png
real_room,val,000208,dataset/drivable/images/val/real_room_000208.png,dataset/drivable/masks/val/real_room_000208.png
real_room,val,000465,dataset/drivable/images/val/real_room_000465.png,dataset/drivable/masks/val/real_room_000465.png
real_room,val,000007,dataset/drivable/images/val/real_room_000007.png,dataset/drivable/masks/val/real_room_000007.png
real_room,val,000282,dataset/drivable/images/val/real_room_000282.png,dataset/drivable/masks/val/real_room_000282.png
real_room,val,000159,dataset/drivable/images/val/real_room_000159.png,dataset/drivable/masks/val/real_room_000159.png
real_room,val,000081,dataset/drivable/images/val/real_room_000081.png,dataset/drivable/masks/val/real_room_000081.png
real_room,val,000363,dataset/drivable/images/val/real_room_000363.png,dataset/drivable/masks/val/real_room_000363.png
real_room,val,000122,dataset/drivable/images/val/real_room_000122.png,dataset/drivable/masks/val/real_room_000122.png
real_room,val,000409,dataset/drivable/images/val/real_room_000409.png,dataset/drivable/masks/val/real_room_000409.png
real_room,val,000311,dataset/drivable/images/val/real_room_000311.png,dataset/drivable/masks/val/real_room_000311.png
real_room,val,000322,dataset/drivable/images/val/real_room_000322.png,dataset/drivable/masks/val/real_room_000322.png
real_room,val,000014,dataset/drivable/images/val/real_room_000014.png,dataset/drivable/masks/val/real_room_000014.png
real_room,val,000062,dataset/drivable/images/val/real_room_000062.png,dataset/drivable/masks/val/real_room_000062.png
real_room,val,000248,dataset/drivable/images/val/real_room_000248.png,dataset/drivable/masks/val/real_room_000248.png
real_room,val,000357,dataset/drivable/images/val/real_room_000357.png,dataset/drivable/masks/val/real_room_000357.png
real_room,val,000224,dataset/drivable/images/val/real_room_000224.png,dataset/drivable/masks/val/real_room_000224.png
real_room,val,000468,dataset/drivable/images/val/real_room_000468.png,dataset/drivable/masks/val/real_room_000468.png
real_room,val,000067,dataset/drivable/images/val/real_room_000067.png,dataset/drivable/masks/val/real_room_000067.png
real_room,val,000463,dataset/drivable/images/val/real_room_000463.png,dataset/drivable/masks/val/real_room_000463.png
real_room,val,000136,dataset/drivable/images/val/real_room_000136.png,dataset/drivable/masks/val/real_room_000136.png
real_room,val,000104,dataset/drivable/images/val/real_room_000104.png,dataset/drivable/masks/val/real_room_000104.png
real_room,val,000026,dataset/drivable/images/val/real_room_000026.png,dataset/drivable/masks/val/real_room_000026.png
real_room,val,000464,dataset/drivable/images/val/real_room_000464.png,dataset/drivable/masks/val/real_room_000464.png
real_room,val,000491,dataset/drivable/images/val/real_room_000491.png,dataset/drivable/masks/val/real_room_000491.png
real_room,val,000320,dataset/drivable/images/val/real_room_000320.png,dataset/drivable/masks/val/real_room_000320.png
real_room,val,000255,dataset/drivable/images/val/real_room_000255.png,dataset/drivable/masks/val/real_room_000255.png
real_room,val,000496,dataset/drivable/images/val/real_room_000496.png,dataset/drivable/masks/val/real_room_000496.png
real_room,val,000318,dataset/drivable/images/val/real_room_000318.png,dataset/drivable/masks/val/real_room_000318.png
real_room,val,000185,dataset/drivable/images/val/real_room_000185.png,dataset/drivable/masks/val/real_room_000185.png
real_room,val,000493,dataset/drivable/images/val/real_room_000493.png,dataset/drivable/masks/val/real_room_000493.png
real_room,val,000096,dataset/drivable/images/val/real_room_000096.png,dataset/drivable/masks/val/real_room_000096.png
real_room,val,000027,dataset/drivable/images/val/real_room_000027.png,dataset/drivable/masks/val/real_room_000027.png
real_room,val,000211,dataset/drivable/images/val/real_room_000211.png,dataset/drivable/masks/val/real_room_000211.png
real_room,val,000236,dataset/drivable/images/val/real_room_000236.png,dataset/drivable/masks/val/real_room_000236.png
real_room,val,000277,dataset/drivable/images/val/real_room_000277.png,dataset/drivable/masks/val/real_room_000277.png
real_room,val,000445,dataset/drivable/images/val/real_room_000445.png,dataset/drivable/masks/val/real_room_000445.png
real_room,val,000336,dataset/drivable/images/val/real_room_000336.png,dataset/drivable/masks/val/real_room_000336.png
real_room,test,000000,dataset/drivable/images/test/real_room_000000.png,dataset/drivable/masks/test/real_room_000000.png
real_room,test,000422,dataset/drivable/images/test/real_room_000422.png,dataset/drivable/masks/test/real_room_000422.png
real_room,test,000263,dataset/drivable/images/test/real_room_000263.png,dataset/drivable/masks/test/real_room_000263.png
real_room,test,000442,dataset/drivable/images/test/real_room_000442.png,dataset/drivable/masks/test/real_room_000442.png
real_room,test,000206,dataset/drivable/images/test/real_room_000206.png,dataset/drivable/masks/test/real_room_000206.png
real_room,test,000395,dataset/drivable/images/test/real_room_000395.png,dataset/drivable/masks/test/real_room_000395.png
real_room,test,000059,dataset/drivable/images/test/real_room_000059.png,dataset/drivable/masks/test/real_room_000059.png
real_room,test,000165,dataset/drivable/images/test/real_room_000165.png,dataset/drivable/masks/test/real_room_000165.png
real_room,test,000129,dataset/drivable/images/test/real_room_000129.png,dataset/drivable/masks/test/real_room_000129.png
real_room,test,000161,dataset/drivable/images/test/real_room_000161.png,dataset/drivable/masks/test/real_room_000161.png
real_room,test,000045,dataset/drivable/images/test/real_room_000045.png,dataset/drivable/masks/test/real_room_000045.png
real_room,test,000232,dataset/drivable/images/test/real_room_000232.png,dataset/drivable/masks/test/real_room_000232.png
real_room,test,000018,dataset/drivable/images/test/real_room_000018.png,dataset/drivable/masks/test/real_room_000018.png
real_room,test,000281,dataset/drivable/images/test/real_room_000281.png,dataset/drivable/masks/test/real_room_000281.png
real_room,test,000389,dataset/drivable/images/test/real_room_000389.png,dataset/drivable/masks/test/real_room_000389.png
real_room,test,000484,dataset/drivable/images/test/real_room_000484.png,dataset/drivable/masks/test/real_room_000484.png
real_room,test,000205,dataset/drivable/images/test/real_room_000205.png,dataset/drivable/masks/test/real_room_000205.png
real_room,test,000339,dataset/drivable/images/test/real_room_000339.png,dataset/drivable/masks/test/real_room_000339.png
real_room,test,000147,dataset/drivable/images/test/real_room_000147.png,dataset/drivable/masks/test/real_room_000147.png
real_room,test,000253,dataset/drivable/images/test/real_room_000253.png,dataset/drivable/masks/test/real_room_000253.png
real_room,test,000355,dataset/drivable/images/test/real_room_000355.png,dataset/drivable/masks/test/real_room_000355.png
real_room,test,000210,dataset/drivable/images/test/real_room_000210.png,dataset/drivable/masks/test/real_room_000210.png
real_room,test,000168,dataset/drivable/images/test/real_room_000168.png,dataset/drivable/masks/test/real_room_000168.png
real_room,test,000082,dataset/drivable/images/test/real_room_000082.png,dataset/drivable/masks/test/real_room_000082.png
real_room,test,000439,dataset/drivable/images/test/real_room_000439.png,dataset/drivable/masks/test/real_room_000439.png
real_room,test,000053,dataset/drivable/images/test/real_room_000053.png,dataset/drivable/masks/test/real_room_000053.png
real_room,test,000343,dataset/drivable/images/test/real_room_000343.png,dataset/drivable/masks/test/real_room_000343.png
real_room,test,000164,dataset/drivable/images/test/real_room_000164.png,dataset/drivable/masks/test/real_room_000164.png
real_room,test,000170,dataset/drivable/images/test/real_room_000170.png,dataset/drivable/masks/test/real_room_000170.png
real_room,test,000209,dataset/drivable/images/test/real_room_000209.png,dataset/drivable/masks/test/real_room_000209.png
real_room,test,000178,dataset/drivable/images/test/real_room_000178.png,dataset/drivable/masks/test/real_room_000178.png
real_room,test,000494,dataset/drivable/images/test/real_room_000494.png,dataset/drivable/masks/test/real_room_000494.png
real_room,test,000046,dataset/drivable/images/test/real_room_000046.png,dataset/drivable/masks/test/real_room_000046.png
real_room,test,000251,dataset/drivable/images/test/real_room_000251.png,dataset/drivable/masks/test/real_room_000251.png
real_room,test,000416,dataset/drivable/images/test/real_room_000416.png,dataset/drivable/masks/test/real_room_000416.png
real_room,test,000325,dataset/drivable/images/test/real_room_000325.png,dataset/drivable/masks/test/real_room_000325.png
real_room,test,000223,dataset/drivable/images/test/real_room_000223.png,dataset/drivable/masks/test/real_room_000223.png
real_room,test,000299,dataset/drivable/images/test/real_room_000299.png,dataset/drivable/masks/test/real_room_000299.png
real_room,test,000092,dataset/drivable/images/test/real_room_000092.png,dataset/drivable/masks/test/real_room_000092.png
real_room,test,000142,dataset/drivable/images/test/real_room_000142.png,dataset/drivable/masks/test/real_room_000142.png
real_room,test,000469,dataset/drivable/images/test/real_room_000469.png,dataset/drivable/masks/test/real_room_000469.png
real_room,test,000226,dataset/drivable/images/test/real_room_000226.png,dataset/drivable/masks/test/real_room_000226.png
real_room,test,000333,dataset/drivable/images/test/real_room_000333.png,dataset/drivable/masks/test/real_room_000333.png
real_room,test,000265,dataset/drivable/images/test/real_room_000265.png,dataset/drivable/masks/test/real_room_000265.png
real_room,test,000240,dataset/drivable/images/test/real_room_000240.png,dataset/drivable/masks/test/real_room_000240.png
real_room,test,000089,dataset/drivable/images/test/real_room_000089.png,dataset/drivable/masks/test/real_room_000089.png
real_room,test,000387,dataset/drivable/images/test/real_room_000387.png,dataset/drivable/masks/test/real_room_000387.png
real_room,test,000390,dataset/drivable/images/test/real_room_000390.png,dataset/drivable/masks/test/real_room_000390.png
real_room,test,000020,dataset/drivable/images/test/real_room_000020.png,dataset/drivable/masks/test/real_room_000020.png
real_room,test,000295,dataset/drivable/images/test/real_room_000295.png,dataset/drivable/masks/test/real_room_000295.png
